{
"type": "FeatureCollection",
"name": "areas",
"crs": { "type": "name", "properties": { "name": "urn:ogc:def:crs:OGC:1.3:CRS84" } },
"xy_coordinate_resolution": 1e-05,
"features": [
{ "type": "Feature", "properties": { "cell_id": 33, "n_fields": 3, "ndvi_slope": 0.005, "ndvi_mean": 0.688, "ndmi_slope": -0.0027, "ndmi_mean": 0.105, "ndwi_slope": -0.0034, "ndwi_mean": -0.582, "place": "Healdsburg (Dry Creek / Alexander)", "region": "Napa / Sonoma wine country" }, "geometry": { "type": "Polygon", "coordinates": [ [ [ -122.88992, 38.4136 ], [ -122.89412, 38.52151 ], [ -123.03185, 38.51813 ], [ -123.02745, 38.41024 ], [ -122.88992, 38.4136 ] ] ] } },
{ "type": "Feature", "properties": { "cell_id": 34, "n_fields": 3, "ndvi_slope": -0.0026, "ndvi_mean": 0.665, "ndmi_slope": -0.0024, "ndmi_mean": 0.048, "ndwi_slope": 0.0033, "ndwi_mean": -0.534, "place": "Healdsburg (Dry Creek / Alexander)", "region": "Napa / Sonoma wine country" }, "geometry": { "type": "Polygon", "coordinates": [ [ [ -122.89412, 38.52151 ], [ -122.89834, 38.62941 ], [ -123.03626, 38.62603 ], [ -123.03185, 38.51813 ], [ -122.89412, 38.52151 ] ] ] } },
{ "type": "Feature", "properties": { "cell_id": 35, "n_fields": 28, "ndvi_slope": -0.0011, "ndvi_mean": 0.637, "ndmi_slope": -0.0012, "ndmi_mean": 0.047, "ndwi_slope": 0.0009, "ndwi_mean": -0.537, "place": "Healdsburg (Dry Creek / Alexander)", "region": "Napa / Sonoma wine country" }, "geometry": { "type": "Polygon", "coordinates": [ [ [ -122.89834, 38.62941 ], [ -122.90256, 38.73732 ], [ -123.04068, 38.73393 ], [ -123.03626, 38.62603 ], [ -122.89834, 38.62941 ] ] ] } },
{ "type": "Feature", "properties": { "cell_id": 81, "n_fields": 6, "ndvi_slope": -0.0003, "ndvi_mean": 0.772, "ndmi_slope": 0.0, "ndmi_mean": 0.086, "ndwi_slope": 0.0004, "ndwi_mean": -0.575, "place": "Healdsburg (Dry Creek / Alexander)", "region": "Napa / Sonoma wine country" }, "geometry": { "type": "Polygon", "coordinates": [ [ [ -122.75239, 38.41682 ], [ -122.75639, 38.52472 ], [ -122.89412, 38.52151 ], [ -122.88992, 38.4136 ], [ -122.75239, 38.41682 ] ] ] } },
{ "type": "Feature", "properties": { "cell_id": 82, "n_fields": 82, "ndvi_slope": 0.0049, "ndvi_mean": 0.675, "ndmi_slope": 0.0024, "ndmi_mean": 0.062, "ndwi_slope": -0.0003, "ndwi_mean": -0.538, "place": "Healdsburg (Dry Creek / Alexander)", "region": "Napa / Sonoma wine country" }, "geometry": { "type": "Polygon", "coordinates": [ [ [ -122.75639, 38.52472 ], [ -122.7604, 38.63263 ], [ -122.89834, 38.62941 ], [ -122.89412, 38.52151 ], [ -122.75639, 38.52472 ] ] ] } },
{ "type": "Feature", "properties": { "cell_id": 83, "n_fields": 105, "ndvi_slope": 0.0027, "ndvi_mean": 0.664, "ndmi_slope": 0.0016, "ndmi_mean": 0.068, "ndwi_slope": -0.0003, "ndwi_mean": -0.541, "place": "Healdsburg (Dry Creek / Alexander)", "region": "Napa / Sonoma wine country" }, "geometry": { "type": "Polygon", "coordinates": [ [ [ -122.7604, 38.63263 ], [ -122.76442, 38.74054 ], [ -122.90256, 38.73732 ], [ -122.89834, 38.62941 ], [ -122.7604, 38.63263 ] ] ] } },
{ "type": "Feature", "properties": { "cell_id": 128, "n_fields": 14, "ndvi_slope": 0.0033, "ndvi_mean": 0.675, "ndmi_slope": -0.0005, "ndmi_mean": 0.057, "ndwi_slope": -0.0002, "ndwi_mean": -0.545, "place": "Napa Valley (Napa–Calistoga)", "region": "Napa / Sonoma wine country" }, "geometry": { "type": "Polygon", "coordinates": [ [ [ -122.61105, 38.31196 ], [ -122.61484, 38.41987 ], [ -122.75239, 38.41682 ], [ -122.7484, 38.30891 ], [ -122.61105, 38.31196 ] ] ] } },
{ "type": "Feature", "properties": { "cell_id": 129, "n_fields": 2, "ndvi_slope": 0.0113, "ndvi_mean": 0.673, "ndmi_slope": 0.0012, "ndmi_mean": 0.078, "ndwi_slope": -0.0018, "ndwi_mean": -0.559, "place": "Napa Valley (Napa–Calistoga)", "region": "Napa / Sonoma wine country" }, "geometry": { "type": "Polygon", "coordinates": [ [ [ -122.61484, 38.41987 ], [ -122.61864, 38.52778 ], [ -122.75639, 38.52472 ], [ -122.75239, 38.41682 ], [ -122.61484, 38.41987 ] ] ] } },
{ "type": "Feature", "properties": { "cell_id": 130, "n_fields": 6, "ndvi_slope": 0.0181, "ndvi_mean": 0.754, "ndmi_slope": -0.0037, "ndmi_mean": 0.085, "ndwi_slope": 0.007, "ndwi_mean": -0.53, "place": "Healdsburg (Dry Creek / Alexander)", "region": "Napa / Sonoma wine country" }, "geometry": { "type": "Polygon", "coordinates": [ [ [ -122.61864, 38.52778 ], [ -122.62245, 38.6357 ], [ -122.7604, 38.63263 ], [ -122.75639, 38.52472 ], [ -122.61864, 38.52778 ] ] ] } },
{ "type": "Feature", "properties": { "cell_id": 175, "n_fields": 93, "ndvi_slope": 0.0008, "ndvi_mean": 0.696, "ndmi_slope": 0.0004, "ndmi_mean": 0.066, "ndwi_slope": -0.0002, "ndwi_mean": -0.547, "place": "Sonoma Valley", "region": "Napa / Sonoma wine country" }, "geometry": { "type": "Polygon", "coordinates": [ [ [ -122.47011, 38.20695 ], [ -122.47369, 38.31486 ], [ -122.61105, 38.31196 ], [ -122.60727, 38.20406 ], [ -122.47011, 38.20695 ] ] ] } },
{ "type": "Feature", "properties": { "cell_id": 176, "n_fields": 63, "ndvi_slope": 0.0045, "ndvi_mean": 0.721, "ndmi_slope": 0.0005, "ndmi_mean": 0.113, "ndwi_slope": 0.0008, "ndwi_mean": -0.574, "place": "Sonoma Valley", "region": "Napa / Sonoma wine country" }, "geometry": { "type": "Polygon", "coordinates": [ [ [ -122.47369, 38.31486 ], [ -122.47728, 38.42277 ], [ -122.61484, 38.41987 ], [ -122.61105, 38.31196 ], [ -122.47369, 38.31486 ] ] ] } },
{ "type": "Feature", "properties": { "cell_id": 177, "n_fields": 14, "ndvi_slope": 0.0002, "ndvi_mean": 0.702, "ndmi_slope": 0.0036, "ndmi_mean": 0.064, "ndwi_slope": -0.0021, "ndwi_mean": -0.554, "place": "Napa Valley (Napa–Calistoga)", "region": "Napa / Sonoma wine country" }, "geometry": { "type": "Polygon", "coordinates": [ [ [ -122.47728, 38.42277 ], [ -122.48088, 38.53069 ], [ -122.61864, 38.52778 ], [ -122.61484, 38.41987 ], [ -122.47728, 38.42277 ] ] ] } },
{ "type": "Feature", "properties": { "cell_id": 178, "n_fields": 15, "ndvi_slope": 0.0017, "ndvi_mean": 0.675, "ndmi_slope": 0.0029, "ndmi_mean": 0.066, "ndwi_slope": -0.0012, "ndwi_mean": -0.556, "place": "Napa Valley (Napa–Calistoga)", "region": "Napa / Sonoma wine country" }, "geometry": { "type": "Polygon", "coordinates": [ [ [ -122.48088, 38.53069 ], [ -122.48449, 38.6386 ], [ -122.62245, 38.6357 ], [ -122.61864, 38.52778 ], [ -122.48088, 38.53069 ] ] ] } },
{ "type": "Feature", "properties": { "cell_id": 223, "n_fields": 93, "ndvi_slope": 0.0023, "ndvi_mean": 0.665, "ndmi_slope": 0.0025, "ndmi_mean": 0.037, "ndwi_slope": -0.0022, "ndwi_mean": -0.522, "place": "Napa Valley (Napa–Calistoga)", "region": "Napa / Sonoma wine country" }, "geometry": { "type": "Polygon", "coordinates": [ [ [ -122.33294, 38.20968 ], [ -122.33632, 38.3176 ], [ -122.47369, 38.31486 ], [ -122.47011, 38.20695 ], [ -122.33294, 38.20968 ] ] ] } },
{ "type": "Feature", "properties": { "cell_id": 224, "n_fields": 35, "ndvi_slope": 0.0018, "ndvi_mean": 0.696, "ndmi_slope": 0.001, "ndmi_mean": 0.072, "ndwi_slope": -0.0014, "ndwi_mean": -0.548, "place": "Napa Valley (Napa–Calistoga)", "region": "Napa / Sonoma wine country" }, "geometry": { "type": "Polygon", "coordinates": [ [ [ -122.33632, 38.3176 ], [ -122.33971, 38.42551 ], [ -122.47728, 38.42277 ], [ -122.47369, 38.31486 ], [ -122.33632, 38.3176 ] ] ] } },
{ "type": "Feature", "properties": { "cell_id": 225, "n_fields": 62, "ndvi_slope": 0.0068, "ndvi_mean": 0.701, "ndmi_slope": 0.0034, "ndmi_mean": 0.054, "ndwi_slope": -0.0018, "ndwi_mean": -0.552, "place": "Napa Valley (Napa–Calistoga)", "region": "Napa / Sonoma wine country" }, "geometry": { "type": "Polygon", "coordinates": [ [ [ -122.33971, 38.42551 ], [ -122.34311, 38.53343 ], [ -122.48088, 38.53069 ], [ -122.47728, 38.42277 ], [ -122.33971, 38.42551 ] ] ] } },
{ "type": "Feature", "properties": { "cell_id": 226, "n_fields": 21, "ndvi_slope": 0.0045, "ndvi_mean": 0.718, "ndmi_slope": 0.0012, "ndmi_mean": 0.085, "ndwi_slope": -0.0013, "ndwi_mean": -0.565, "place": "Napa Valley (Napa–Calistoga)", "region": "Sacramento Valley" }, "geometry": { "type": "Polygon", "coordinates": [ [ [ -122.34311, 38.53343 ], [ -122.34652, 38.64135 ], [ -122.48449, 38.6386 ], [ -122.48088, 38.53069 ], [ -122.34311, 38.53343 ] ] ] } },
{ "type": "Feature", "properties": { "cell_id": 271, "n_fields": 3, "ndvi_slope": -0.0147, "ndvi_mean": 0.713, "ndmi_slope": -0.0024, "ndmi_mean": 0.026, "ndwi_slope": 0.0003, "ndwi_mean": -0.525, "place": "Napa Valley (Napa–Calistoga)", "region": "Napa / Sonoma wine country" }, "geometry": { "type": "Polygon", "coordinates": [ [ [ -122.19576, 38.21226 ], [ -122.19894, 38.32018 ], [ -122.33632, 38.3176 ], [ -122.33294, 38.20968 ], [ -122.19576, 38.21226 ] ] ] } },
{ "type": "Feature", "properties": { "cell_id": 272, "n_fields": 47, "ndvi_slope": 0.0032, "ndvi_mean": 0.673, "ndmi_slope": 0.0041, "ndmi_mean": 0.043, "ndwi_slope": -0.0021, "ndwi_mean": -0.534, "place": "Napa Valley (Napa–Calistoga)", "region": "Napa / Sonoma wine country" }, "geometry": { "type": "Polygon", "coordinates": [ [ [ -122.19894, 38.32018 ], [ -122.20213, 38.4281 ], [ -122.33971, 38.42551 ], [ -122.33632, 38.3176 ], [ -122.19894, 38.32018 ] ] ] } },
{ "type": "Feature", "properties": { "cell_id": 273, "n_fields": 15, "ndvi_slope": 0.005, "ndvi_mean": 0.67, "ndmi_slope": 0.0045, "ndmi_mean": 0.059, "ndwi_slope": -0.0001, "ndwi_mean": -0.552, "place": "Napa Valley (Napa–Calistoga)", "region": "Napa / Sonoma wine country" }, "geometry": { "type": "Polygon", "coordinates": [ [ [ -122.20213, 38.4281 ], [ -122.20533, 38.53602 ], [ -122.34311, 38.53343 ], [ -122.33971, 38.42551 ], [ -122.20213, 38.4281 ] ] ] } },
{ "type": "Feature", "properties": { "cell_id": 277, "n_fields": 2, "ndvi_slope": 0.0015, "ndvi_mean": 0.862, "ndmi_slope": 0.0029, "ndmi_mean": 0.146, "ndwi_slope": -0.0085, "ndwi_mean": -0.56, "place": "Yolo", "region": "Sacramento Valley" }, "geometry": { "type": "Polygon", "coordinates": [ [ [ -122.21499, 38.8598 ], [ -122.21823, 38.96774 ], [ -122.35681, 38.96513 ], [ -122.35337, 38.8572 ], [ -122.21499, 38.8598 ] ] ] } },
{ "type": "Feature", "properties": { "cell_id": 279, "n_fields": 5, "ndvi_slope": 0.0002, "ndvi_mean": 0.802, "ndmi_slope": -0.0049, "ndmi_mean": 0.173, "ndwi_slope": 0.0016, "ndwi_mean": -0.64, "place": "Colusa", "region": "Sacramento Valley" }, "geometry": { "type": "Polygon", "coordinates": [ [ [ -122.22148, 39.07568 ], [ -122.22474, 39.18362 ], [ -122.36373, 39.18101 ], [ -122.36027, 39.07307 ], [ -122.22148, 39.07568 ] ] ] } },
{ "type": "Feature", "properties": { "cell_id": 280, "n_fields": 5, "ndvi_slope": 0.0013, "ndvi_mean": 0.797, "ndmi_slope": 0.0111, "ndmi_mean": 0.119, "ndwi_slope": -0.0067, "ndwi_mean": -0.543, "place": "Colusa", "region": "Sacramento Valley" }, "geometry": { "type": "Polygon", "coordinates": [ [ [ -122.22474, 39.18362 ], [ -122.228, 39.29157 ], [ -122.3672, 39.28895 ], [ -122.36373, 39.18101 ], [ -122.22474, 39.18362 ] ] ] } },
{ "type": "Feature", "properties": { "cell_id": 282, "n_fields": 2, "ndvi_slope": 0.0371, "ndvi_mean": 0.76, "ndmi_slope": 0.0319, "ndmi_mean": 0.164, "ndwi_slope": -0.0292, "ndwi_mean": -0.624, "place": "Glenn", "region": "Sacramento Valley" }, "geometry": { "type": "Polygon", "coordinates": [ [ [ -122.23128, 39.39952 ], [ -122.23457, 39.50748 ], [ -122.37417, 39.50485 ], [ -122.37068, 39.3969 ], [ -122.23128, 39.39952 ] ] ] } },
{ "type": "Feature", "properties": { "cell_id": 283, "n_fields": 2, "ndvi_slope": 0.0338, "ndvi_mean": 0.759, "ndmi_slope": 0.0271, "ndmi_mean": 0.225, "ndwi_slope": -0.0199, "ndwi_mean": -0.636, "place": "Glenn", "region": "Sacramento Valley" }, "geometry": { "type": "Polygon", "coordinates": [ [ [ -122.23457, 39.50748 ], [ -122.23786, 39.61544 ], [ -122.37767, 39.61281 ], [ -122.37417, 39.50485 ], [ -122.23457, 39.50748 ] ] ] } },
{ "type": "Feature", "properties": { "cell_id": 285, "n_fields": 3, "ndvi_slope": -0.0047, "ndvi_mean": 0.622, "ndmi_slope": -0.0093, "ndmi_mean": 0.06, "ndwi_slope": 0.0061, "ndwi_mean": -0.531, "place": "Glenn", "region": "Sacramento Valley" }, "geometry": { "type": "Polygon", "coordinates": [ [ [ -122.24117, 39.72341 ], [ -122.24448, 39.83139 ], [ -122.38471, 39.82875 ], [ -122.38118, 39.72078 ], [ -122.24117, 39.72341 ] ] ] } },
{ "type": "Feature", "properties": { "cell_id": 320, "n_fields": 3, "ndvi_slope": -0.0042, "ndvi_mean": 0.7, "ndmi_slope": 0.0023, "ndmi_mean": 0.05, "ndwi_slope": -0.0016, "ndwi_mean": -0.542, "place": "Napa Valley (Napa–Calistoga)", "region": "Napa / Sonoma wine country" }, "geometry": { "type": "Polygon", "coordinates": [ [ [ -122.06155, 38.3226 ], [ -122.06454, 38.43053 ], [ -122.20213, 38.4281 ], [ -122.19894, 38.32018 ], [ -122.06155, 38.3226 ] ] ] } },
{ "type": "Feature", "properties": { "cell_id": 321, "n_fields": 2, "ndvi_slope": 0.0088, "ndvi_mean": 0.772, "ndmi_slope": 0.007, "ndmi_mean": 0.048, "ndwi_slope": -0.0027, "ndwi_mean": -0.541, "place": "Napa Valley (Napa–Calistoga)", "region": "Sacramento Valley" }, "geometry": { "type": "Polygon", "coordinates": [ [ [ -122.06454, 38.43053 ], [ -122.06755, 38.53845 ], [ -122.20533, 38.53602 ], [ -122.20213, 38.4281 ], [ -122.06454, 38.43053 ] ] ] } },
{ "type": "Feature", "properties": { "cell_id": 323, "n_fields": 25, "ndvi_slope": -0.0013, "ndvi_mean": 0.782, "ndmi_slope": 0.0022, "ndmi_mean": 0.093, "ndwi_slope": -0.0019, "ndwi_mean": -0.51, "place": "Yolo", "region": "Sacramento Valley" }, "geometry": { "type": "Polygon", "coordinates": [ [ [ -122.07056, 38.64638 ], [ -122.07357, 38.75431 ], [ -122.21176, 38.75187 ], [ -122.20854, 38.64395 ], [ -122.07056, 38.64638 ] ] ] } },
{ "type": "Feature", "properties": { "cell_id": 324, "n_fields": 20, "ndvi_slope": -0.0018, "ndvi_mean": 0.651, "ndmi_slope": 0.0028, "ndmi_mean": 0.029, "ndwi_slope": -0.0045, "ndwi_mean": -0.504, "place": "Yolo", "region": "Sacramento Valley" }, "geometry": { "type": "Polygon", "coordinates": [ [ [ -122.07357, 38.75431 ], [ -122.0766, 38.86225 ], [ -122.21499, 38.8598 ], [ -122.21176, 38.75187 ], [ -122.07357, 38.75431 ] ] ] } },
{ "type": "Feature", "properties": { "cell_id": 325, "n_fields": 4, "ndvi_slope": -0.0043, "ndvi_mean": 0.602, "ndmi_slope": 0.0026, "ndmi_mean": 0.092, "ndwi_slope": 0.0006, "ndwi_mean": -0.559, "place": "Colusa", "region": "Sacramento Valley" }, "geometry": { "type": "Polygon", "coordinates": [ [ [ -122.0766, 38.86225 ], [ -122.07964, 38.97019 ], [ -122.21823, 38.96774 ], [ -122.21499, 38.8598 ], [ -122.0766, 38.86225 ] ] ] } },
{ "type": "Feature", "properties": { "cell_id": 326, "n_fields": 4, "ndvi_slope": -0.0016, "ndvi_mean": 0.686, "ndmi_slope": 0.001, "ndmi_mean": 0.041, "ndwi_slope": 0.0002, "ndwi_mean": -0.533, "place": "Colusa", "region": "Sacramento Valley" }, "geometry": { "type": "Polygon", "coordinates": [ [ [ -122.07964, 38.97019 ], [ -122.08268, 39.07813 ], [ -122.22148, 39.07568 ], [ -122.21823, 38.96774 ], [ -122.07964, 38.97019 ] ] ] } },
{ "type": "Feature", "properties": { "cell_id": 327, "n_fields": 8, "ndvi_slope": -0.0017, "ndvi_mean": 0.777, "ndmi_slope": 0.0029, "ndmi_mean": 0.149, "ndwi_slope": -0.0043, "ndwi_mean": -0.597, "place": "Colusa", "region": "Sacramento Valley" }, "geometry": { "type": "Polygon", "coordinates": [ [ [ -122.08268, 39.07813 ], [ -122.08574, 39.18607 ], [ -122.22474, 39.18362 ], [ -122.22148, 39.07568 ], [ -122.08268, 39.07813 ] ] ] } },
{ "type": "Feature", "properties": { "cell_id": 328, "n_fields": 5, "ndvi_slope": 0.0003, "ndvi_mean": 0.805, "ndmi_slope": 0.0073, "ndmi_mean": 0.136, "ndwi_slope": -0.0033, "ndwi_mean": -0.532, "place": "Colusa", "region": "Sacramento Valley" }, "geometry": { "type": "Polygon", "coordinates": [ [ [ -122.08574, 39.18607 ], [ -122.0888, 39.29403 ], [ -122.228, 39.29157 ], [ -122.22474, 39.18362 ], [ -122.08574, 39.18607 ] ] ] } },
{ "type": "Feature", "properties": { "cell_id": 329, "n_fields": 11, "ndvi_slope": 0.0012, "ndvi_mean": 0.823, "ndmi_slope": 0.0075, "ndmi_mean": 0.136, "ndwi_slope": -0.0067, "ndwi_mean": -0.54, "place": "Colusa", "region": "Sacramento Valley" }, "geometry": { "type": "Polygon", "coordinates": [ [ [ -122.0888, 39.29403 ], [ -122.09187, 39.40198 ], [ -122.23128, 39.39952 ], [ -122.228, 39.29157 ], [ -122.0888, 39.29403 ] ] ] } },
{ "type": "Feature", "properties": { "cell_id": 330, "n_fields": 10, "ndvi_slope": -0.0007, "ndvi_mean": 0.852, "ndmi_slope": 0.007, "ndmi_mean": 0.154, "ndwi_slope": -0.0043, "ndwi_mean": -0.54, "place": "Glenn", "region": "Sacramento Valley" }, "geometry": { "type": "Polygon", "coordinates": [ [ [ -122.09187, 39.40198 ], [ -122.09495, 39.50994 ], [ -122.23457, 39.50748 ], [ -122.23128, 39.39952 ], [ -122.09187, 39.40198 ] ] ] } },
{ "type": "Feature", "properties": { "cell_id": 331, "n_fields": 5, "ndvi_slope": 0.0019, "ndvi_mean": 0.799, "ndmi_slope": 0.0062, "ndmi_mean": 0.147, "ndwi_slope": -0.0056, "ndwi_mean": -0.534, "place": "Glenn", "region": "Sacramento Valley" }, "geometry": { "type": "Polygon", "coordinates": [ [ [ -122.09495, 39.50994 ], [ -122.09804, 39.61791 ], [ -122.23786, 39.61544 ], [ -122.23457, 39.50748 ], [ -122.09495, 39.50994 ] ] ] } },
{ "type": "Feature", "properties": { "cell_id": 332, "n_fields": 6, "ndvi_slope": -0.0042, "ndvi_mean": 0.698, "ndmi_slope": 0.0006, "ndmi_mean": 0.115, "ndwi_slope": -0.0015, "ndwi_mean": -0.56, "place": "Glenn", "region": "Sacramento Valley" }, "geometry": { "type": "Polygon", "coordinates": [ [ [ -122.09804, 39.61791 ], [ -122.10114, 39.72589 ], [ -122.24117, 39.72341 ], [ -122.23786, 39.61544 ], [ -122.09804, 39.61791 ] ] ] } },
{ "type": "Feature", "properties": { "cell_id": 333, "n_fields": 4, "ndvi_slope": 0.0045, "ndvi_mean": 0.757, "ndmi_slope": 0.0195, "ndmi_mean": 0.13, "ndwi_slope": -0.0113, "ndwi_mean": -0.6, "place": "Glenn", "region": "Sacramento Valley" }, "geometry": { "type": "Polygon", "coordinates": [ [ [ -122.10114, 39.72589 ], [ -122.10425, 39.83387 ], [ -122.24448, 39.83139 ], [ -122.24117, 39.72341 ], [ -122.10114, 39.72589 ] ] ] } },
{ "type": "Feature", "properties": { "cell_id": 369, "n_fields": 22, "ndvi_slope": 0.0012, "ndvi_mean": 0.729, "ndmi_slope": -0.0017, "ndmi_mean": 0.099, "ndwi_slope": 0.0043, "ndwi_mean": -0.583, "place": "Yolo", "region": "Sacramento Valley" }, "geometry": { "type": "Polygon", "coordinates": [ [ [ -121.92695, 38.4328 ], [ -121.92975, 38.54073 ], [ -122.06755, 38.53845 ], [ -122.06454, 38.43053 ], [ -121.92695, 38.4328 ] ] ] } },
{ "type": "Feature", "properties": { "cell_id": 370, "n_fields": 67, "ndvi_slope": 0.0021, "ndvi_mean": 0.758, "ndmi_slope": 0.0064, "ndmi_mean": 0.073, "ndwi_slope": -0.0059, "ndwi_mean": -0.505, "place": "Yolo", "region": "Sacramento Valley" }, "geometry": { "type": "Polygon", "coordinates": [ [ [ -121.92975, 38.54073 ], [ -121.93256, 38.64866 ], [ -122.07056, 38.64638 ], [ -122.06755, 38.53845 ], [ -121.92975, 38.54073 ] ] ] } },
{ "type": "Feature", "properties": { "cell_id": 371, "n_fields": 73, "ndvi_slope": 0.0025, "ndvi_mean": 0.764, "ndmi_slope": 0.0048, "ndmi_mean": 0.075, "ndwi_slope": -0.002, "ndwi_mean": -0.507, "place": "Yolo", "region": "Sacramento Valley" }, "geometry": { "type": "Polygon", "coordinates": [ [ [ -121.93256, 38.64866 ], [ -121.93538, 38.7566 ], [ -122.07357, 38.75431 ], [ -122.07056, 38.64638 ], [ -121.93256, 38.64866 ] ] ] } },
{ "type": "Feature", "properties": { "cell_id": 372, "n_fields": 43, "ndvi_slope": 0.0041, "ndvi_mean": 0.724, "ndmi_slope": 0.008, "ndmi_mean": 0.076, "ndwi_slope": -0.0016, "ndwi_mean": -0.494, "place": "Yolo", "region": "Sacramento Valley" }, "geometry": { "type": "Polygon", "coordinates": [ [ [ -121.93538, 38.7566 ], [ -121.9382, 38.86453 ], [ -122.0766, 38.86225 ], [ -122.07357, 38.75431 ], [ -121.93538, 38.7566 ] ] ] } },
{ "type": "Feature", "properties": { "cell_id": 373, "n_fields": 31, "ndvi_slope": 0.0007, "ndvi_mean": 0.773, "ndmi_slope": 0.0024, "ndmi_mean": 0.089, "ndwi_slope": -0.0034, "ndwi_mean": -0.547, "place": "Yolo", "region": "Sacramento Valley" }, "geometry": { "type": "Polygon", "coordinates": [ [ [ -121.9382, 38.86453 ], [ -121.94104, 38.97248 ], [ -122.07964, 38.97019 ], [ -122.0766, 38.86225 ], [ -121.9382, 38.86453 ] ] ] } },
{ "type": "Feature", "properties": { "cell_id": 374, "n_fields": 8, "ndvi_slope": 0.0087, "ndvi_mean": 0.763, "ndmi_slope": 0.0022, "ndmi_mean": 0.078, "ndwi_slope": -0.0015, "ndwi_mean": -0.503, "place": "Colusa", "region": "Sacramento Valley" }, "geometry": { "type": "Polygon", "coordinates": [ [ [ -121.94104, 38.97248 ], [ -121.94388, 39.08042 ], [ -122.08268, 39.07813 ], [ -122.07964, 38.97019 ], [ -121.94104, 38.97248 ] ] ] } },
{ "type": "Feature", "properties": { "cell_id": 375, "n_fields": 13, "ndvi_slope": 0.008, "ndvi_mean": 0.805, "ndmi_slope": 0.0068, "ndmi_mean": 0.085, "ndwi_slope": -0.0077, "ndwi_mean": -0.473, "place": "Colusa", "region": "Sacramento Valley" }, "geometry": { "type": "Polygon", "coordinates": [ [ [ -121.94388, 39.08042 ], [ -121.94673, 39.18837 ], [ -122.08574, 39.18607 ], [ -122.08268, 39.07813 ], [ -121.94388, 39.08042 ] ] ] } },
{ "type": "Feature", "properties": { "cell_id": 376, "n_fields": 10, "ndvi_slope": -0.0015, "ndvi_mean": 0.798, "ndmi_slope": 0.0011, "ndmi_mean": 0.13, "ndwi_slope": -0.0014, "ndwi_mean": -0.542, "place": "Colusa", "region": "Sacramento Valley" }, "geometry": { "type": "Polygon", "coordinates": [ [ [ -121.94673, 39.18837 ], [ -121.94959, 39.29633 ], [ -122.0888, 39.29403 ], [ -122.08574, 39.18607 ], [ -121.94673, 39.18837 ] ] ] } },
{ "type": "Feature", "properties": { "cell_id": 377, "n_fields": 12, "ndvi_slope": 0.0028, "ndvi_mean": 0.784, "ndmi_slope": 0.003, "ndmi_mean": 0.124, "ndwi_slope": -0.0055, "ndwi_mean": -0.588, "place": "Colusa", "region": "Sacramento Valley" }, "geometry": { "type": "Polygon", "coordinates": [ [ [ -121.94959, 39.29633 ], [ -121.95245, 39.40429 ], [ -122.09187, 39.40198 ], [ -122.0888, 39.29403 ], [ -121.94959, 39.29633 ] ] ] } },
{ "type": "Feature", "properties": { "cell_id": 378, "n_fields": 4, "ndvi_slope": 0.002, "ndvi_mean": 0.868, "ndmi_slope": 0.0059, "ndmi_mean": 0.193, "ndwi_slope": -0.0036, "ndwi_mean": -0.616, "place": "Glenn", "region": "Sacramento Valley" }, "geometry": { "type": "Polygon", "coordinates": [ [ [ -121.95245, 39.40429 ], [ -121.95533, 39.51225 ], [ -122.09495, 39.50994 ], [ -122.09187, 39.40198 ], [ -121.95245, 39.40429 ] ] ] } },
{ "type": "Feature", "properties": { "cell_id": 379, "n_fields": 7, "ndvi_slope": 0.0039, "ndvi_mean": 0.856, "ndmi_slope": 0.0077, "ndmi_mean": 0.169, "ndwi_slope": -0.0075, "ndwi_mean": -0.621, "place": "Glenn", "region": "Sacramento Valley" }, "geometry": { "type": "Polygon", "coordinates": [ [ [ -121.95533, 39.51225 ], [ -121.95821, 39.62022 ], [ -122.09804, 39.61791 ], [ -122.09495, 39.50994 ], [ -121.95533, 39.51225 ] ] ] } },
{ "type": "Feature", "properties": { "cell_id": 380, "n_fields": 9, "ndvi_slope": -0.0007, "ndvi_mean": 0.753, "ndmi_slope": 0.0041, "ndmi_mean": 0.151, "ndwi_slope": -0.0064, "ndwi_mean": -0.603, "place": "Glenn", "region": "Sacramento Valley" }, "geometry": { "type": "Polygon", "coordinates": [ [ [ -121.95821, 39.62022 ], [ -121.96111, 39.7282 ], [ -122.10114, 39.72589 ], [ -122.09804, 39.61791 ], [ -121.95821, 39.62022 ] ] ] } },
{ "type": "Feature", "properties": { "cell_id": 381, "n_fields": 4, "ndvi_slope": 0.0031, "ndvi_mean": 0.858, "ndmi_slope": 0.0005, "ndmi_mean": 0.237, "ndwi_slope": -0.0002, "ndwi_mean": -0.66, "place": "Glenn", "region": "Sacramento Valley" }, "geometry": { "type": "Polygon", "coordinates": [ [ [ -121.96111, 39.7282 ], [ -121.96401, 39.83619 ], [ -122.10425, 39.83387 ], [ -122.10114, 39.72589 ], [ -121.96111, 39.7282 ] ] ] } },
{ "type": "Feature", "properties": { "cell_id": 382, "n_fields": 2, "ndvi_slope": -0.0008, "ndvi_mean": 0.852, "ndmi_slope": -0.0027, "ndmi_mean": 0.286, "ndwi_slope": 0.0009, "ndwi_mean": -0.699, "place": "Butte", "region": "Sacramento Valley" }, "geometry": { "type": "Polygon", "coordinates": [ [ [ -121.96401, 39.83619 ], [ -121.96692, 39.94418 ], [ -122.10737, 39.94186 ], [ -122.10425, 39.83387 ], [ -121.96401, 39.83619 ] ] ] } },
{ "type": "Feature", "properties": { "cell_id": 400, "n_fields": 2, "ndvi_slope": 0.0224, "ndvi_mean": 0.676, "ndmi_slope": -0.0032, "ndmi_mean": -0.018, "ndwi_slope": 0.0003, "ndwi_mean": -0.411, "place": "Monterey", "region": "Salinas Valley" }, "geometry": { "type": "Polygon", "coordinates": [ [ [ -121.74625, 36.60004 ], [ -121.74873, 36.70799 ], [ -121.88321, 36.70593 ], [ -121.88054, 36.59798 ], [ -121.74625, 36.60004 ] ] ] } },
{ "type": "Feature", "properties": { "cell_id": 401, "n_fields": 19, "ndvi_slope": 0.0025, "ndvi_mean": 0.81, "ndmi_slope": 0.0035, "ndmi_mean": 0.002, "ndwi_slope": -0.004, "ndwi_mean": -0.441, "place": "Monterey", "region": "Salinas Valley" }, "geometry": { "type": "Polygon", "coordinates": [ [ [ -121.74873, 36.70799 ], [ -121.75121, 36.81594 ], [ -121.88589, 36.81387 ], [ -121.88321, 36.70593 ], [ -121.74873, 36.70799 ] ] ] } },
{ "type": "Feature", "properties": { "cell_id": 402, "n_fields": 15, "ndvi_slope": 0.0016, "ndvi_mean": 0.754, "ndmi_slope": -0.0, "ndmi_mean": 0.091, "ndwi_slope": -0.0035, "ndwi_mean": -0.554, "place": "Monterey", "region": "Salinas Valley" }, "geometry": { "type": "Polygon", "coordinates": [ [ [ -121.75121, 36.81594 ], [ -121.7537, 36.92388 ], [ -121.88857, 36.92181 ], [ -121.88589, 36.81387 ], [ -121.75121, 36.81594 ] ] ] } },
{ "type": "Feature", "properties": { "cell_id": 417, "n_fields": 12, "ndvi_slope": 0.0023, "ndvi_mean": 0.847, "ndmi_slope": 0.0026, "ndmi_mean": 0.141, "ndwi_slope": -0.0021, "ndwi_mean": -0.605, "place": "Yolo", "region": "Sacramento Valley" }, "geometry": { "type": "Polygon", "coordinates": [ [ [ -121.78934, 38.43491 ], [ -121.79194, 38.54285 ], [ -121.92975, 38.54073 ], [ -121.92695, 38.4328 ], [ -121.78934, 38.43491 ] ] ] } },
{ "type": "Feature", "properties": { "cell_id": 418, "n_fields": 74, "ndvi_slope": 0.0004, "ndvi_mean": 0.773, "ndmi_slope": 0.003, "ndmi_mean": 0.084, "ndwi_slope": -0.0012, "ndwi_mean": -0.526, "place": "Yolo", "region": "Sacramento Valley" }, "geometry": { "type": "Polygon", "coordinates": [ [ [ -121.79194, 38.54285 ], [ -121.79455, 38.65078 ], [ -121.93256, 38.64866 ], [ -121.92975, 38.54073 ], [ -121.79194, 38.54285 ] ] ] } },
{ "type": "Feature", "properties": { "cell_id": 419, "n_fields": 101, "ndvi_slope": 0.0038, "ndvi_mean": 0.724, "ndmi_slope": -0.0016, "ndmi_mean": 0.071, "ndwi_slope": -0.002, "ndwi_mean": -0.523, "place": "Yolo", "region": "Sacramento Valley" }, "geometry": { "type": "Polygon", "coordinates": [ [ [ -121.79455, 38.65078 ], [ -121.79717, 38.75872 ], [ -121.93538, 38.7566 ], [ -121.93256, 38.64866 ], [ -121.79455, 38.65078 ] ] ] } },
{ "type": "Feature", "properties": { "cell_id": 420, "n_fields": 56, "ndvi_slope": 0.0032, "ndvi_mean": 0.779, "ndmi_slope": 0.0061, "ndmi_mean": 0.074, "ndwi_slope": -0.0062, "ndwi_mean": -0.503, "place": "Yolo", "region": "Sacramento Valley" }, "geometry": { "type": "Polygon", "coordinates": [ [ [ -121.79717, 38.75872 ], [ -121.79979, 38.86666 ], [ -121.9382, 38.86453 ], [ -121.93538, 38.7566 ], [ -121.79717, 38.75872 ] ] ] } },
{ "type": "Feature", "properties": { "cell_id": 421, "n_fields": 25, "ndvi_slope": 0.003, "ndvi_mean": 0.811, "ndmi_slope": 0.0103, "ndmi_mean": 0.103, "ndwi_slope": -0.0083, "ndwi_mean": -0.497, "place": "Yolo", "region": "Sacramento Valley" }, "geometry": { "type": "Polygon", "coordinates": [ [ [ -121.79979, 38.86666 ], [ -121.80242, 38.97461 ], [ -121.94104, 38.97248 ], [ -121.9382, 38.86453 ], [ -121.79979, 38.86666 ] ] ] } },
{ "type": "Feature", "properties": { "cell_id": 422, "n_fields": 14, "ndvi_slope": 0.0012, "ndvi_mean": 0.81, "ndmi_slope": 0.0028, "ndmi_mean": 0.095, "ndwi_slope": -0.0063, "ndwi_mean": -0.491, "place": "Colusa", "region": "Sacramento Valley" }, "geometry": { "type": "Polygon", "coordinates": [ [ [ -121.80242, 38.97461 ], [ -121.80506, 39.08256 ], [ -121.94388, 39.08042 ], [ -121.94104, 38.97248 ], [ -121.80242, 38.97461 ] ] ] } },
{ "type": "Feature", "properties": { "cell_id": 423, "n_fields": 17, "ndvi_slope": 0.0007, "ndvi_mean": 0.819, "ndmi_slope": 0.0045, "ndmi_mean": 0.082, "ndwi_slope": -0.0032, "ndwi_mean": -0.479, "place": "Sutter", "region": "Sacramento Valley" }, "geometry": { "type": "Polygon", "coordinates": [ [ [ -121.80506, 39.08256 ], [ -121.80771, 39.19051 ], [ -121.94673, 39.18837 ], [ -121.94388, 39.08042 ], [ -121.80506, 39.08256 ] ] ] } },
{ "type": "Feature", "properties": { "cell_id": 425, "n_fields": 2, "ndvi_slope": -0.0018, "ndvi_mean": 0.714, "ndmi_slope": 0.0011, "ndmi_mean": 0.021, "ndwi_slope": -0.0006, "ndwi_mean": -0.426, "place": "Butte", "region": "Sacramento Valley" }, "geometry": { "type": "Polygon", "coordinates": [ [ [ -121.81037, 39.29847 ], [ -121.81303, 39.40643 ], [ -121.95245, 39.40429 ], [ -121.94959, 39.29633 ], [ -121.81037, 39.29847 ] ] ] } },
{ "type": "Feature", "properties": { "cell_id": 426, "n_fields": 8, "ndvi_slope": 0.0011, "ndvi_mean": 0.847, "ndmi_slope": 0.0072, "ndmi_mean": 0.176, "ndwi_slope": -0.0043, "ndwi_mean": -0.559, "place": "Butte", "region": "Sacramento Valley" }, "geometry": { "type": "Polygon", "coordinates": [ [ [ -121.81303, 39.40643 ], [ -121.8157, 39.5144 ], [ -121.95533, 39.51225 ], [ -121.95245, 39.40429 ], [ -121.81303, 39.40643 ] ] ] } },
{ "type": "Feature", "properties": { "cell_id": 427, "n_fields": 4, "ndvi_slope": -0.0026, "ndvi_mean": 0.875, "ndmi_slope": 0.0004, "ndmi_mean": 0.195, "ndwi_slope": -0.0014, "ndwi_mean": -0.551, "place": "Butte", "region": "Sacramento Valley" }, "geometry": { "type": "Polygon", "coordinates": [ [ [ -121.8157, 39.5144 ], [ -121.81838, 39.62237 ], [ -121.95821, 39.62022 ], [ -121.95533, 39.51225 ], [ -121.8157, 39.5144 ] ] ] } },
{ "type": "Feature", "properties": { "cell_id": 428, "n_fields": 9, "ndvi_slope": 0.0132, "ndvi_mean": 0.779, "ndmi_slope": 0.0245, "ndmi_mean": 0.195, "ndwi_slope": -0.0128, "ndwi_mean": -0.629, "place": "Butte", "region": "Sacramento Valley" }, "geometry": { "type": "Polygon", "coordinates": [ [ [ -121.81838, 39.62237 ], [ -121.82106, 39.73035 ], [ -121.96111, 39.7282 ], [ -121.95821, 39.62022 ], [ -121.81838, 39.62237 ] ] ] } },
{ "type": "Feature", "properties": { "cell_id": 429, "n_fields": 6, "ndvi_slope": 0.0143, "ndvi_mean": 0.753, "ndmi_slope": -0.0001, "ndmi_mean": 0.152, "ndwi_slope": -0.0084, "ndwi_mean": -0.591, "place": "Butte", "region": "Sacramento Valley" }, "geometry": { "type": "Polygon", "coordinates": [ [ [ -121.82106, 39.73035 ], [ -121.82376, 39.83834 ], [ -121.96401, 39.83619 ], [ -121.96111, 39.7282 ], [ -121.82106, 39.73035 ] ] ] } },
{ "type": "Feature", "properties": { "cell_id": 447, "n_fields": 2, "ndvi_slope": -0.012, "ndvi_mean": 0.679, "ndmi_slope": -0.0067, "ndmi_mean": -0.044, "ndwi_slope": 0.0014, "ndwi_mean": -0.425, "place": "Monterey", "region": "Salinas Valley" }, "geometry": { "type": "Polygon", "coordinates": [ [ [ -121.60967, 36.49399 ], [ -121.61195, 36.60195 ], [ -121.74625, 36.60004 ], [ -121.74378, 36.49208 ], [ -121.60967, 36.49399 ] ] ] } },
{ "type": "Feature", "properties": { "cell_id": 448, "n_fields": 34, "ndvi_slope": 0.0005, "ndvi_mean": 0.82, "ndmi_slope": -0.0002, "ndmi_mean": -0.032, "ndwi_slope": -0.003, "ndwi_mean": -0.46, "place": "Monterey", "region": "Salinas Valley" }, "geometry": { "type": "Polygon", "coordinates": [ [ [ -121.61195, 36.60195 ], [ -121.61424, 36.70991 ], [ -121.74873, 36.70799 ], [ -121.74625, 36.60004 ], [ -121.61195, 36.60195 ] ] ] } },
{ "type": "Feature", "properties": { "cell_id": 449, "n_fields": 58, "ndvi_slope": -0.0026, "ndvi_mean": 0.776, "ndmi_slope": -0.0049, "ndmi_mean": 0.021, "ndwi_slope": -0.0003, "ndwi_mean": -0.466, "place": "Monterey", "region": "Salinas Valley" }, "geometry": { "type": "Polygon", "coordinates": [ [ [ -121.61424, 36.70991 ], [ -121.61653, 36.81786 ], [ -121.75121, 36.81594 ], [ -121.74873, 36.70799 ], [ -121.61424, 36.70991 ] ] ] } },
{ "type": "Feature", "properties": { "cell_id": 450, "n_fields": 8, "ndvi_slope": 0.008, "ndvi_mean": 0.656, "ndmi_slope": 0.0045, "ndmi_mean": -0.018, "ndwi_slope": -0.0013, "ndwi_mean": -0.361, "place": "Monterey", "region": "Salinas Valley" }, "geometry": { "type": "Polygon", "coordinates": [ [ [ -121.61653, 36.81786 ], [ -121.61883, 36.9258 ], [ -121.7537, 36.92388 ], [ -121.75121, 36.81594 ], [ -121.61653, 36.81786 ] ] ] } },
{ "type": "Feature", "properties": { "cell_id": 464, "n_fields": 27, "ndvi_slope": -0.0, "ndvi_mean": 0.812, "ndmi_slope": 0.001, "ndmi_mean": 0.191, "ndwi_slope": -0.0029, "ndwi_mean": -0.594, "place": "Yolo", "region": "Sacramento Valley" }, "geometry": { "type": "Polygon", "coordinates": [ [ [ -121.64934, 38.32894 ], [ -121.65173, 38.43687 ], [ -121.78934, 38.43491 ], [ -121.78675, 38.32698 ], [ -121.64934, 38.32894 ] ] ] } },
{ "type": "Feature", "properties": { "cell_id": 465, "n_fields": 32, "ndvi_slope": 0.0005, "ndvi_mean": 0.755, "ndmi_slope": -0.0003, "ndmi_mean": 0.086, "ndwi_slope": -0.0021, "ndwi_mean": -0.531, "place": "Yolo", "region": "Sacramento Valley" }, "geometry": { "type": "Polygon", "coordinates": [ [ [ -121.65173, 38.43687 ], [ -121.65413, 38.54481 ], [ -121.79194, 38.54285 ], [ -121.78934, 38.43491 ], [ -121.65173, 38.43687 ] ] ] } },
{ "type": "Feature", "properties": { "cell_id": 466, "n_fields": 71, "ndvi_slope": 0.0035, "ndvi_mean": 0.812, "ndmi_slope": 0.0049, "ndmi_mean": 0.058, "ndwi_slope": -0.0035, "ndwi_mean": -0.494, "place": "Yolo", "region": "Sacramento Valley" }, "geometry": { "type": "Polygon", "coordinates": [ [ [ -121.65413, 38.54481 ], [ -121.65654, 38.65275 ], [ -121.79455, 38.65078 ], [ -121.79194, 38.54285 ], [ -121.65413, 38.54481 ] ] ] } },
{ "type": "Feature", "properties": { "cell_id": 467, "n_fields": 69, "ndvi_slope": 0.0018, "ndvi_mean": 0.771, "ndmi_slope": 0.0054, "ndmi_mean": 0.078, "ndwi_slope": -0.005, "ndwi_mean": -0.478, "place": "Yolo", "region": "Sacramento Valley" }, "geometry": { "type": "Polygon", "coordinates": [ [ [ -121.65654, 38.65275 ], [ -121.65895, 38.76069 ], [ -121.79717, 38.75872 ], [ -121.79455, 38.65078 ], [ -121.65654, 38.65275 ] ] ] } },
{ "type": "Feature", "properties": { "cell_id": 468, "n_fields": 67, "ndvi_slope": 0.005, "ndvi_mean": 0.799, "ndmi_slope": 0.0067, "ndmi_mean": 0.065, "ndwi_slope": -0.0072, "ndwi_mean": -0.475, "place": "Yolo", "region": "Sacramento Valley" }, "geometry": { "type": "Polygon", "coordinates": [ [ [ -121.65895, 38.76069 ], [ -121.66138, 38.86863 ], [ -121.79979, 38.86666 ], [ -121.79717, 38.75872 ], [ -121.65895, 38.76069 ] ] ] } },
{ "type": "Feature", "properties": { "cell_id": 469, "n_fields": 13, "ndvi_slope": -0.0004, "ndvi_mean": 0.767, "ndmi_slope": 0.0041, "ndmi_mean": 0.071, "ndwi_slope": -0.0039, "ndwi_mean": -0.468, "place": "Sutter", "region": "Sacramento Valley" }, "geometry": { "type": "Polygon", "coordinates": [ [ [ -121.66138, 38.86863 ], [ -121.66381, 38.97658 ], [ -121.80242, 38.97461 ], [ -121.79979, 38.86666 ], [ -121.66138, 38.86863 ] ] ] } },
{ "type": "Feature", "properties": { "cell_id": 470, "n_fields": 20, "ndvi_slope": -0.0005, "ndvi_mean": 0.751, "ndmi_slope": 0.0059, "ndmi_mean": 0.078, "ndwi_slope": -0.0075, "ndwi_mean": -0.49, "place": "Sutter", "region": "Sacramento Valley" }, "geometry": { "type": "Polygon", "coordinates": [ [ [ -121.66381, 38.97658 ], [ -121.66624, 39.08453 ], [ -121.80506, 39.08256 ], [ -121.80242, 38.97461 ], [ -121.66381, 38.97658 ] ] ] } },
{ "type": "Feature", "properties": { "cell_id": 471, "n_fields": 6, "ndvi_slope": -0.0114, "ndvi_mean": 0.785, "ndmi_slope": -0.0097, "ndmi_mean": 0.074, "ndwi_slope": 0.0034, "ndwi_mean": -0.462, "place": "Sutter", "region": "Sacramento Valley" }, "geometry": { "type": "Polygon", "coordinates": [ [ [ -121.66624, 39.08453 ], [ -121.66869, 39.19249 ], [ -121.80771, 39.19051 ], [ -121.80506, 39.08256 ], [ -121.66624, 39.08453 ] ] ] } },
{ "type": "Feature", "properties": { "cell_id": 473, "n_fields": 10, "ndvi_slope": 0.0065, "ndvi_mean": 0.763, "ndmi_slope": 0.0085, "ndmi_mean": 0.143, "ndwi_slope": -0.0083, "ndwi_mean": -0.553, "place": "Butte", "region": "Sacramento Valley" }, "geometry": { "type": "Polygon", "coordinates": [ [ [ -121.67114, 39.30045 ], [ -121.67359, 39.40842 ], [ -121.81303, 39.40643 ], [ -121.81037, 39.29847 ], [ -121.67114, 39.30045 ] ] ] } },
{ "type": "Feature", "properties": { "cell_id": 474, "n_fields": 3, "ndvi_slope": -0.0072, "ndvi_mean": 0.842, "ndmi_slope": 0.0016, "ndmi_mean": 0.157, "ndwi_slope": -0.0021, "ndwi_mean": -0.531, "place": "Butte", "region": "Sacramento Valley" }, "geometry": { "type": "Polygon", "coordinates": [ [ [ -121.67359, 39.40842 ], [ -121.67606, 39.51639 ], [ -121.8157, 39.5144 ], [ -121.81303, 39.40643 ], [ -121.67359, 39.40842 ] ] ] } },
{ "type": "Feature", "properties": { "cell_id": 475, "n_fields": 3, "ndvi_slope": 0.0024, "ndvi_mean": 0.767, "ndmi_slope": 0.0049, "ndmi_mean": 0.205, "ndwi_slope": -0.0068, "ndwi_mean": -0.578, "place": "Butte", "region": "Sacramento Valley" }, "geometry": { "type": "Polygon", "coordinates": [ [ [ -121.67606, 39.51639 ], [ -121.67853, 39.62437 ], [ -121.81838, 39.62237 ], [ -121.8157, 39.5144 ], [ -121.67606, 39.51639 ] ] ] } },
{ "type": "Feature", "properties": { "cell_id": 476, "n_fields": 5, "ndvi_slope": 0.0006, "ndvi_mean": 0.799, "ndmi_slope": -0.0005, "ndmi_mean": 0.196, "ndwi_slope": 0.0005, "ndwi_mean": -0.642, "place": "Butte", "region": "Sacramento Valley" }, "geometry": { "type": "Polygon", "coordinates": [ [ [ -121.67853, 39.62437 ], [ -121.68101, 39.73235 ], [ -121.82106, 39.73035 ], [ -121.81838, 39.62237 ], [ -121.67853, 39.62437 ] ] ] } },
{ "type": "Feature", "properties": { "cell_id": 495, "n_fields": 51, "ndvi_slope": 0.0041, "ndvi_mean": 0.825, "ndmi_slope": 0.0031, "ndmi_mean": -0.024, "ndwi_slope": -0.0043, "ndwi_mean": -0.451, "place": "Monterey", "region": "Salinas Valley" }, "geometry": { "type": "Polygon", "coordinates": [ [ [ -121.47555, 36.49575 ], [ -121.47764, 36.60371 ], [ -121.61195, 36.60195 ], [ -121.60967, 36.49399 ], [ -121.47555, 36.49575 ] ] ] } },
{ "type": "Feature", "properties": { "cell_id": 496, "n_fields": 62, "ndvi_slope": -0.0012, "ndvi_mean": 0.787, "ndmi_slope": -0.0003, "ndmi_mean": -0.061, "ndwi_slope": -0.0015, "ndwi_mean": -0.47, "place": "Monterey", "region": "Salinas Valley" }, "geometry": { "type": "Polygon", "coordinates": [ [ [ -121.47764, 36.60371 ], [ -121.47974, 36.71167 ], [ -121.61424, 36.70991 ], [ -121.61195, 36.60195 ], [ -121.47764, 36.60371 ] ] ] } },
{ "type": "Feature", "properties": { "cell_id": 497, "n_fields": 13, "ndvi_slope": -0.0071, "ndvi_mean": 0.672, "ndmi_slope": -0.0012, "ndmi_mean": -0.035, "ndwi_slope": -0.0025, "ndwi_mean": -0.45, "place": "Monterey", "region": "Salinas Valley" }, "geometry": { "type": "Polygon", "coordinates": [ [ [ -121.47974, 36.71167 ], [ -121.48184, 36.81962 ], [ -121.61653, 36.81786 ], [ -121.61424, 36.70991 ], [ -121.47974, 36.71167 ] ] ] } },
{ "type": "Feature", "properties": { "cell_id": 498, "n_fields": 55, "ndvi_slope": 0.0026, "ndvi_mean": 0.774, "ndmi_slope": 0.0011, "ndmi_mean": -0.016, "ndwi_slope": -0.0018, "ndwi_mean": -0.407, "place": "San Benito", "region": "Salinas Valley" }, "geometry": { "type": "Polygon", "coordinates": [ [ [ -121.48184, 36.81962 ], [ -121.48395, 36.92757 ], [ -121.61883, 36.9258 ], [ -121.61653, 36.81786 ], [ -121.48184, 36.81962 ] ] ] } },
{ "type": "Feature", "properties": { "cell_id": 499, "n_fields": 18, "ndvi_slope": 0.003, "ndvi_mean": 0.644, "ndmi_slope": 0.0008, "ndmi_mean": -0.066, "ndwi_slope": -0.0072, "ndwi_mean": -0.353, "place": "San Benito", "region": "Salinas Valley" }, "geometry": { "type": "Polygon", "coordinates": [ [ [ -121.48395, 36.92757 ], [ -121.48606, 37.03552 ], [ -121.62114, 37.03375 ], [ -121.61883, 36.9258 ], [ -121.48395, 36.92757 ] ] ] } },
{ "type": "Feature", "properties": { "cell_id": 511, "n_fields": 9, "ndvi_slope": -0.0039, "ndvi_mean": 0.865, "ndmi_slope": -0.0002, "ndmi_mean": 0.107, "ndwi_slope": -0.0026, "ndwi_mean": -0.503, "place": "Yolo", "region": "Sacramento Valley" }, "geometry": { "type": "Polygon", "coordinates": [ [ [ -121.50973, 38.2228 ], [ -121.51192, 38.33074 ], [ -121.64934, 38.32894 ], [ -121.64695, 38.22101 ], [ -121.50973, 38.2228 ] ] ] } },
{ "type": "Feature", "properties": { "cell_id": 512, "n_fields": 89, "ndvi_slope": 0.0027, "ndvi_mean": 0.788, "ndmi_slope": 0.0023, "ndmi_mean": 0.104, "ndwi_slope": -0.0024, "ndwi_mean": -0.499, "place": "Yolo", "region": "Sacramento Valley" }, "geometry": { "type": "Polygon", "coordinates": [ [ [ -121.51192, 38.33074 ], [ -121.51411, 38.43868 ], [ -121.65173, 38.43687 ], [ -121.64934, 38.32894 ], [ -121.51192, 38.33074 ] ] ] } },
{ "type": "Feature", "properties": { "cell_id": 513, "n_fields": 52, "ndvi_slope": 0.0014, "ndvi_mean": 0.799, "ndmi_slope": 0.0058, "ndmi_mean": 0.125, "ndwi_slope": -0.0063, "ndwi_mean": -0.511, "place": "Yolo", "region": "Sacramento Valley" }, "geometry": { "type": "Polygon", "coordinates": [ [ [ -121.51411, 38.43868 ], [ -121.51631, 38.54661 ], [ -121.65413, 38.54481 ], [ -121.65173, 38.43687 ], [ -121.51411, 38.43868 ] ] ] } },
{ "type": "Feature", "properties": { "cell_id": 514, "n_fields": 26, "ndvi_slope": 0.0013, "ndvi_mean": 0.783, "ndmi_slope": -0.0024, "ndmi_mean": 0.09, "ndwi_slope": 0.0001, "ndwi_mean": -0.487, "place": "Yolo", "region": "Sacramento Valley" }, "geometry": { "type": "Polygon", "coordinates": [ [ [ -121.51631, 38.54661 ], [ -121.51852, 38.65456 ], [ -121.65654, 38.65275 ], [ -121.65413, 38.54481 ], [ -121.51631, 38.54661 ] ] ] } },
{ "type": "Feature", "properties": { "cell_id": 515, "n_fields": 23, "ndvi_slope": 0.0016, "ndvi_mean": 0.792, "ndmi_slope": 0.0044, "ndmi_mean": 0.163, "ndwi_slope": -0.0064, "ndwi_mean": -0.516, "place": "Yolo", "region": "Sacramento Valley" }, "geometry": { "type": "Polygon", "coordinates": [ [ [ -121.51852, 38.65456 ], [ -121.52073, 38.7625 ], [ -121.65895, 38.76069 ], [ -121.65654, 38.65275 ], [ -121.51852, 38.65456 ] ] ] } },
{ "type": "Feature", "properties": { "cell_id": 516, "n_fields": 27, "ndvi_slope": 0.0015, "ndvi_mean": 0.782, "ndmi_slope": 0.0013, "ndmi_mean": 0.14, "ndwi_slope": -0.0053, "ndwi_mean": -0.52, "place": "Sutter", "region": "Sacramento Valley" }, "geometry": { "type": "Polygon", "coordinates": [ [ [ -121.52073, 38.7625 ], [ -121.52295, 38.87045 ], [ -121.66138, 38.86863 ], [ -121.65895, 38.76069 ], [ -121.52073, 38.7625 ] ] ] } },
{ "type": "Feature", "properties": { "cell_id": 517, "n_fields": 15, "ndvi_slope": 0.0004, "ndvi_mean": 0.777, "ndmi_slope": 0.0005, "ndmi_mean": 0.119, "ndwi_slope": 0.0004, "ndwi_mean": -0.548, "place": "Sutter", "region": "Sacramento Valley" }, "geometry": { "type": "Polygon", "coordinates": [ [ [ -121.52295, 38.87045 ], [ -121.52518, 38.9784 ], [ -121.66381, 38.97658 ], [ -121.66138, 38.86863 ], [ -121.52295, 38.87045 ] ] ] } },
{ "type": "Feature", "properties": { "cell_id": 518, "n_fields": 22, "ndvi_slope": 0.01, "ndvi_mean": 0.75, "ndmi_slope": 0.011, "ndmi_mean": 0.106, "ndwi_slope": -0.0084, "ndwi_mean": -0.575, "place": "Sutter", "region": "Sacramento Valley" }, "geometry": { "type": "Polygon", "coordinates": [ [ [ -121.52518, 38.9784 ], [ -121.52741, 39.08635 ], [ -121.66624, 39.08453 ], [ -121.66381, 38.97658 ], [ -121.52518, 38.9784 ] ] ] } },
{ "type": "Feature", "properties": { "cell_id": 519, "n_fields": 5, "ndvi_slope": 0.016, "ndvi_mean": 0.614, "ndmi_slope": 0.0044, "ndmi_mean": 0.084, "ndwi_slope": -0.0029, "ndwi_mean": -0.532, "place": "Sutter", "region": "Sacramento Valley" }, "geometry": { "type": "Polygon", "coordinates": [ [ [ -121.52741, 39.08635 ], [ -121.52965, 39.19431 ], [ -121.66869, 39.19249 ], [ -121.66624, 39.08453 ], [ -121.52741, 39.08635 ] ] ] } },
{ "type": "Feature", "properties": { "cell_id": 521, "n_fields": 5, "ndvi_slope": 0.0047, "ndvi_mean": 0.741, "ndmi_slope": 0.005, "ndmi_mean": 0.162, "ndwi_slope": -0.0056, "ndwi_mean": -0.638, "place": "Butte", "region": "Sacramento Valley" }, "geometry": { "type": "Polygon", "coordinates": [ [ [ -121.5319, 39.30227 ], [ -121.53415, 39.41024 ], [ -121.67359, 39.40842 ], [ -121.67114, 39.30045 ], [ -121.5319, 39.30227 ] ] ] } },
{ "type": "Feature", "properties": { "cell_id": 541, "n_fields": 11, "ndvi_slope": -0.004, "ndvi_mean": 0.78, "ndmi_slope": -0.0056, "ndmi_mean": 0.0, "ndwi_slope": 0.0036, "ndwi_mean": -0.48, "place": "Monterey", "region": "Salinas Valley" }, "geometry": { "type": "Polygon", "coordinates": [ [ [ -121.33765, 36.28141 ], [ -121.33953, 36.38939 ], [ -121.47347, 36.38778 ], [ -121.47139, 36.27981 ], [ -121.33765, 36.28141 ] ] ] } },
{ "type": "Feature", "properties": { "cell_id": 542, "n_fields": 36, "ndvi_slope": 0.0024, "ndvi_mean": 0.823, "ndmi_slope": -0.0003, "ndmi_mean": -0.004, "ndwi_slope": -0.0012, "ndwi_mean": -0.468, "place": "Monterey", "region": "Salinas Valley" }, "geometry": { "type": "Polygon", "coordinates": [ [ [ -121.33953, 36.38939 ], [ -121.34143, 36.49736 ], [ -121.47555, 36.49575 ], [ -121.47347, 36.38778 ], [ -121.33953, 36.38939 ] ] ] } },
{ "type": "Feature", "properties": { "cell_id": 543, "n_fields": 24, "ndvi_slope": 0.0056, "ndvi_mean": 0.777, "ndmi_slope": 0.0026, "ndmi_mean": -0.029, "ndwi_slope": -0.004, "ndwi_mean": -0.483, "place": "Monterey", "region": "Salinas Valley" }, "geometry": { "type": "Polygon", "coordinates": [ [ [ -121.34143, 36.49736 ], [ -121.34333, 36.60532 ], [ -121.47764, 36.60371 ], [ -121.47555, 36.49575 ], [ -121.34143, 36.49736 ] ] ] } },
{ "type": "Feature", "properties": { "cell_id": 544, "n_fields": 2, "ndvi_slope": 0.0131, "ndvi_mean": 0.741, "ndmi_slope": 0.0058, "ndmi_mean": -0.041, "ndwi_slope": -0.0012, "ndwi_mean": -0.469, "place": "San Benito", "region": "Salinas Valley" }, "geometry": { "type": "Polygon", "coordinates": [ [ [ -121.34333, 36.60532 ], [ -121.34524, 36.71328 ], [ -121.47974, 36.71167 ], [ -121.47764, 36.60371 ], [ -121.34333, 36.60532 ] ] ] } },
{ "type": "Feature", "properties": { "cell_id": 545, "n_fields": 15, "ndvi_slope": 0.0096, "ndvi_mean": 0.579, "ndmi_slope": 0.0024, "ndmi_mean": -0.068, "ndwi_slope": -0.0025, "ndwi_mean": -0.489, "place": "San Benito", "region": "Salinas Valley" }, "geometry": { "type": "Polygon", "coordinates": [ [ [ -121.34524, 36.71328 ], [ -121.34715, 36.82123 ], [ -121.48184, 36.81962 ], [ -121.47974, 36.71167 ], [ -121.34524, 36.71328 ] ] ] } },
{ "type": "Feature", "properties": { "cell_id": 546, "n_fields": 132, "ndvi_slope": 0.0027, "ndvi_mean": 0.736, "ndmi_slope": 0.0017, "ndmi_mean": -0.045, "ndwi_slope": -0.0037, "ndwi_mean": -0.396, "place": "San Benito", "region": "Salinas Valley" }, "geometry": { "type": "Polygon", "coordinates": [ [ [ -121.34715, 36.82123 ], [ -121.34906, 36.92918 ], [ -121.48395, 36.92757 ], [ -121.48184, 36.81962 ], [ -121.34715, 36.82123 ] ] ] } },
{ "type": "Feature", "properties": { "cell_id": 547, "n_fields": 65, "ndvi_slope": 0.0011, "ndvi_mean": 0.688, "ndmi_slope": 0.0034, "ndmi_mean": -0.054, "ndwi_slope": -0.0026, "ndwi_mean": -0.43, "place": "San Benito", "region": "Salinas Valley" }, "geometry": { "type": "Polygon", "coordinates": [ [ [ -121.34906, 36.92918 ], [ -121.35099, 37.03713 ], [ -121.48606, 37.03552 ], [ -121.48395, 36.92757 ], [ -121.34906, 36.92918 ] ] ] } },
{ "type": "Feature", "properties": { "cell_id": 553, "n_fields": 11, "ndvi_slope": -0.0003, "ndvi_mean": 0.752, "ndmi_slope": -0.0017, "ndmi_mean": 0.174, "ndwi_slope": -0.0004, "ndwi_mean": -0.589, "place": "San Joaquin", "region": "San Joaquin Valley" }, "geometry": { "type": "Polygon", "coordinates": [ [ [ -121.36068, 37.57683 ], [ -121.36264, 37.68477 ], [ -121.49888, 37.68314 ], [ -121.49673, 37.57521 ], [ -121.36068, 37.57683 ] ] ] } },
{ "type": "Feature", "properties": { "cell_id": 555, "n_fields": 8, "ndvi_slope": 0.0307, "ndvi_mean": 0.689, "ndmi_slope": 0.0378, "ndmi_mean": 0.104, "ndwi_slope": -0.035, "ndwi_mean": -0.56, "place": "San Joaquin", "region": "San Joaquin Valley" }, "geometry": { "type": "Polygon", "coordinates": [ [ [ -121.3646, 37.79271 ], [ -121.36656, 37.90064 ], [ -121.5032, 37.89901 ], [ -121.50104, 37.79107 ], [ -121.3646, 37.79271 ] ] ] } },
{ "type": "Feature", "properties": { "cell_id": 556, "n_fields": 2, "ndvi_slope": 0.0005, "ndvi_mean": 0.826, "ndmi_slope": -0.0047, "ndmi_mean": 0.225, "ndwi_slope": 0.0051, "ndwi_mean": -0.648, "place": "San Joaquin", "region": "San Joaquin Valley" }, "geometry": { "type": "Polygon", "coordinates": [ [ [ -121.36656, 37.90064 ], [ -121.36854, 38.00857 ], [ -121.50537, 38.00694 ], [ -121.5032, 37.89901 ], [ -121.36656, 37.90064 ] ] ] } },
{ "type": "Feature", "properties": { "cell_id": 563, "n_fields": 4, "ndvi_slope": 0.0137, "ndvi_mean": 0.693, "ndmi_slope": 0.0172, "ndmi_mean": 0.087, "ndwi_slope": -0.0216, "ndwi_mean": -0.514, "place": "Sutter", "region": "Sacramento Valley" }, "geometry": { "type": "Polygon", "coordinates": [ [ [ -121.38049, 38.65621 ], [ -121.3825, 38.76415 ], [ -121.52073, 38.7625 ], [ -121.51852, 38.65456 ], [ -121.38049, 38.65621 ] ] ] } },
{ "type": "Feature", "properties": { "cell_id": 564, "n_fields": 10, "ndvi_slope": -0.002, "ndvi_mean": 0.687, "ndmi_slope": 0.0038, "ndmi_mean": 0.093, "ndwi_slope": -0.0105, "ndwi_mean": -0.541, "place": "Sutter", "region": "Sacramento Valley" }, "geometry": { "type": "Polygon", "coordinates": [ [ [ -121.3825, 38.76415 ], [ -121.38452, 38.8721 ], [ -121.52295, 38.87045 ], [ -121.52073, 38.7625 ], [ -121.3825, 38.76415 ] ] ] } },
{ "type": "Feature", "properties": { "cell_id": 565, "n_fields": 12, "ndvi_slope": 0.0008, "ndvi_mean": 0.661, "ndmi_slope": 0.0007, "ndmi_mean": 0.087, "ndwi_slope": -0.0027, "ndwi_mean": -0.502, "place": "Sutter", "region": "Sacramento Valley" }, "geometry": { "type": "Polygon", "coordinates": [ [ [ -121.38452, 38.8721 ], [ -121.38655, 38.98005 ], [ -121.52518, 38.9784 ], [ -121.52295, 38.87045 ], [ -121.38452, 38.8721 ] ] ] } },
{ "type": "Feature", "properties": { "cell_id": 566, "n_fields": 2, "ndvi_slope": 0.0149, "ndvi_mean": 0.638, "ndmi_slope": 0.0081, "ndmi_mean": 0.091, "ndwi_slope": -0.0125, "ndwi_mean": -0.576, "place": "Sutter", "region": "Sacramento Valley" }, "geometry": { "type": "Polygon", "coordinates": [ [ [ -121.38655, 38.98005 ], [ -121.38858, 39.08801 ], [ -121.52741, 39.08635 ], [ -121.52518, 38.9784 ], [ -121.38655, 38.98005 ] ] ] } },
{ "type": "Feature", "properties": { "cell_id": 588, "n_fields": 9, "ndvi_slope": 0.0027, "ndvi_mean": 0.68, "ndmi_slope": -0.0023, "ndmi_mean": -0.031, "ndwi_slope": 0.001, "ndwi_mean": -0.517, "place": "Monterey", "region": "Salinas Valley" }, "geometry": { "type": "Polygon", "coordinates": [ [ [ -121.2022, 36.17488 ], [ -121.2039, 36.28286 ], [ -121.33765, 36.28141 ], [ -121.33576, 36.17343 ], [ -121.2022, 36.17488 ] ] ] } },
{ "type": "Feature", "properties": { "cell_id": 589, "n_fields": 71, "ndvi_slope": -0.0006, "ndvi_mean": 0.783, "ndmi_slope": -0.0008, "ndmi_mean": 0.009, "ndwi_slope": -0.0005, "ndwi_mean": -0.473, "place": "Monterey", "region": "Salinas Valley" }, "geometry": { "type": "Polygon", "coordinates": [ [ [ -121.2039, 36.28286 ], [ -121.2056, 36.39084 ], [ -121.33953, 36.38939 ], [ -121.33765, 36.28141 ], [ -121.2039, 36.28286 ] ] ] } },
{ "type": "Feature", "properties": { "cell_id": 590, "n_fields": 16, "ndvi_slope": -0.0013, "ndvi_mean": 0.807, "ndmi_slope": 0.0013, "ndmi_mean": 0.021, "ndwi_slope": -0.0009, "ndwi_mean": -0.478, "place": "Monterey", "region": "Salinas Valley" }, "geometry": { "type": "Polygon", "coordinates": [ [ [ -121.2056, 36.39084 ], [ -121.2073, 36.49881 ], [ -121.34143, 36.49736 ], [ -121.33953, 36.38939 ], [ -121.2056, 36.39084 ] ] ] } },
{ "type": "Feature", "properties": { "cell_id": 592, "n_fields": 23, "ndvi_slope": 0.0062, "ndvi_mean": 0.624, "ndmi_slope": -0.004, "ndmi_mean": 0.022, "ndwi_slope": 0.0027, "ndwi_mean": -0.486, "place": "San Benito", "region": "Salinas Valley" }, "geometry": { "type": "Polygon", "coordinates": [ [ [ -121.20901, 36.60677 ], [ -121.21073, 36.71473 ], [ -121.34524, 36.71328 ], [ -121.34333, 36.60532 ], [ -121.20901, 36.60677 ] ] ] } },
{ "type": "Feature", "properties": { "cell_id": 593, "n_fields": 43, "ndvi_slope": -0.0008, "ndvi_mean": 0.568, "ndmi_slope": 0.0003, "ndmi_mean": -0.021, "ndwi_slope": -0.0008, "ndwi_mean": -0.496, "place": "San Benito", "region": "Salinas Valley" }, "geometry": { "type": "Polygon", "coordinates": [ [ [ -121.21073, 36.71473 ], [ -121.21245, 36.82269 ], [ -121.34715, 36.82123 ], [ -121.34524, 36.71328 ], [ -121.21073, 36.71473 ] ] ] } },
{ "type": "Feature", "properties": { "cell_id": 594, "n_fields": 18, "ndvi_slope": 0.0016, "ndvi_mean": 0.732, "ndmi_slope": 0.0025, "ndmi_mean": -0.018, "ndwi_slope": -0.0064, "ndwi_mean": -0.425, "place": "San Benito", "region": "Salinas Valley" }, "geometry": { "type": "Polygon", "coordinates": [ [ [ -121.21245, 36.82269 ], [ -121.21417, 36.93064 ], [ -121.34906, 36.92918 ], [ -121.34715, 36.82123 ], [ -121.21245, 36.82269 ] ] ] } },
{ "type": "Feature", "properties": { "cell_id": 600, "n_fields": 8, "ndvi_slope": 0.0168, "ndvi_mean": 0.666, "ndmi_slope": 0.0225, "ndmi_mean": 0.083, "ndwi_slope": -0.0205, "ndwi_mean": -0.537, "place": "Stanislaus", "region": "San Joaquin Valley" }, "geometry": { "type": "Polygon", "coordinates": [ [ [ -121.22287, 37.47037 ], [ -121.22463, 37.57831 ], [ -121.36068, 37.57683 ], [ -121.35873, 37.4689 ], [ -121.22287, 37.47037 ] ] ] } },
{ "type": "Feature", "properties": { "cell_id": 601, "n_fields": 20, "ndvi_slope": -0.002, "ndvi_mean": 0.726, "ndmi_slope": -0.0066, "ndmi_mean": 0.143, "ndwi_slope": 0.0049, "ndwi_mean": -0.583, "place": "San Joaquin", "region": "San Joaquin Valley" }, "geometry": { "type": "Polygon", "coordinates": [ [ [ -121.22463, 37.57831 ], [ -121.22639, 37.68624 ], [ -121.36264, 37.68477 ], [ -121.36068, 37.57683 ], [ -121.22463, 37.57831 ] ] ] } },
{ "type": "Feature", "properties": { "cell_id": 602, "n_fields": 6, "ndvi_slope": -0.0074, "ndvi_mean": 0.788, "ndmi_slope": -0.0101, "ndmi_mean": 0.239, "ndwi_slope": 0.007, "ndwi_mean": -0.637, "place": "San Joaquin", "region": "San Joaquin Valley" }, "geometry": { "type": "Polygon", "coordinates": [ [ [ -121.22639, 37.68624 ], [ -121.22815, 37.79418 ], [ -121.3646, 37.79271 ], [ -121.36264, 37.68477 ], [ -121.22639, 37.68624 ] ] ] } },
{ "type": "Feature", "properties": { "cell_id": 603, "n_fields": 4, "ndvi_slope": -0.0023, "ndvi_mean": 0.786, "ndmi_slope": -0.0084, "ndmi_mean": 0.191, "ndwi_slope": 0.0076, "ndwi_mean": -0.6, "place": "San Joaquin", "region": "San Joaquin Valley" }, "geometry": { "type": "Polygon", "coordinates": [ [ [ -121.22815, 37.79418 ], [ -121.22992, 37.90212 ], [ -121.36656, 37.90064 ], [ -121.3646, 37.79271 ], [ -121.22815, 37.79418 ] ] ] } },
{ "type": "Feature", "properties": { "cell_id": 605, "n_fields": 3, "ndvi_slope": 0.0085, "ndvi_mean": 0.691, "ndmi_slope": 0.0066, "ndmi_mean": 0.088, "ndwi_slope": -0.0083, "ndwi_mean": -0.549, "place": "San Joaquin", "region": "San Joaquin Valley" }, "geometry": { "type": "Polygon", "coordinates": [ [ [ -121.2317, 38.01005 ], [ -121.23348, 38.11799 ], [ -121.37051, 38.11651 ], [ -121.36854, 38.00857 ], [ -121.2317, 38.01005 ] ] ] } },
{ "type": "Feature", "properties": { "cell_id": 634, "n_fields": 3, "ndvi_slope": -0.002, "ndvi_mean": 0.604, "ndmi_slope": -0.005, "ndmi_mean": -0.055, "ndwi_slope": 0.0017, "ndwi_mean": -0.402, "place": "Monterey", "region": "Salinas Valley" }, "geometry": { "type": "Polygon", "coordinates": [ [ [ -121.06563, 35.96019 ], [ -121.06713, 36.06818 ], [ -121.20051, 36.06689 ], [ -121.19882, 35.9589 ], [ -121.06563, 35.96019 ] ] ] } },
{ "type": "Feature", "properties": { "cell_id": 635, "n_fields": 8, "ndvi_slope": 0.0032, "ndvi_mean": 0.631, "ndmi_slope": 0.0042, "ndmi_mean": 0.024, "ndwi_slope": -0.0041, "ndwi_mean": -0.528, "place": "Monterey", "region": "Salinas Valley" }, "geometry": { "type": "Polygon", "coordinates": [ [ [ -121.06713, 36.06818 ], [ -121.06863, 36.17617 ], [ -121.2022, 36.17488 ], [ -121.20051, 36.06689 ], [ -121.06713, 36.06818 ] ] ] } },
{ "type": "Feature", "properties": { "cell_id": 636, "n_fields": 29, "ndvi_slope": 0.0009, "ndvi_mean": 0.621, "ndmi_slope": 0.0035, "ndmi_mean": -0.043, "ndwi_slope": -0.0009, "ndwi_mean": -0.47, "place": "Monterey", "region": "Salinas Valley" }, "geometry": { "type": "Polygon", "coordinates": [ [ [ -121.06863, 36.17617 ], [ -121.07014, 36.28416 ], [ -121.2039, 36.28286 ], [ -121.2022, 36.17488 ], [ -121.06863, 36.17617 ] ] ] } },
{ "type": "Feature", "properties": { "cell_id": 637, "n_fields": 16, "ndvi_slope": -0.0121, "ndvi_mean": 0.789, "ndmi_slope": -0.0021, "ndmi_mean": 0.011, "ndwi_slope": 0.0027, "ndwi_mean": -0.425, "place": "Monterey", "region": "Salinas Valley" }, "geometry": { "type": "Polygon", "coordinates": [ [ [ -121.07014, 36.28416 ], [ -121.07165, 36.39213 ], [ -121.2056, 36.39084 ], [ -121.2039, 36.28286 ], [ -121.07014, 36.28416 ] ] ] } },
{ "type": "Feature", "properties": { "cell_id": 638, "n_fields": 4, "ndvi_slope": 0.0407, "ndvi_mean": 0.636, "ndmi_slope": 0.0024, "ndmi_mean": -0.003, "ndwi_slope": -0.0052, "ndwi_mean": -0.471, "place": "San Benito", "region": "Salinas Valley" }, "geometry": { "type": "Polygon", "coordinates": [ [ [ -121.07165, 36.39213 ], [ -121.07317, 36.5001 ], [ -121.2073, 36.49881 ], [ -121.2056, 36.39084 ], [ -121.07165, 36.39213 ] ] ] } },
{ "type": "Feature", "properties": { "cell_id": 639, "n_fields": 3, "ndvi_slope": 0.0007, "ndvi_mean": 0.762, "ndmi_slope": -0.0025, "ndmi_mean": -0.019, "ndwi_slope": -0.0032, "ndwi_mean": -0.449, "place": "San Benito", "region": "Salinas Valley" }, "geometry": { "type": "Polygon", "coordinates": [ [ [ -121.07317, 36.5001 ], [ -121.07469, 36.60807 ], [ -121.20901, 36.60677 ], [ -121.2073, 36.49881 ], [ -121.07317, 36.5001 ] ] ] } },
{ "type": "Feature", "properties": { "cell_id": 642, "n_fields": 13, "ndvi_slope": -0.003, "ndvi_mean": 0.821, "ndmi_slope": -0.0027, "ndmi_mean": 0.061, "ndwi_slope": -0.002, "ndwi_mean": -0.499, "place": "San Benito", "region": "Salinas Valley" }, "geometry": { "type": "Polygon", "coordinates": [ [ [ -121.07774, 36.82399 ], [ -121.07928, 36.93195 ], [ -121.21417, 36.93064 ], [ -121.21245, 36.82269 ], [ -121.07774, 36.82399 ] ] ] } },
{ "type": "Feature", "properties": { "cell_id": 646, "n_fields": 2, "ndvi_slope": 0.0155, "ndvi_mean": 0.64, "ndmi_slope": 0.0169, "ndmi_mean": 0.08, "ndwi_slope": -0.0168, "ndwi_mean": -0.53, "place": "Stanislaus", "region": "San Joaquin Valley" }, "geometry": { "type": "Polygon", "coordinates": [ [ [ -121.0839, 37.2558 ], [ -121.08546, 37.36374 ], [ -121.22112, 37.36243 ], [ -121.21938, 37.25449 ], [ -121.0839, 37.2558 ] ] ] } },
{ "type": "Feature", "properties": { "cell_id": 647, "n_fields": 6, "ndvi_slope": 0.0007, "ndvi_mean": 0.707, "ndmi_slope": -0.0037, "ndmi_mean": 0.118, "ndwi_slope": 0.0047, "ndwi_mean": -0.561, "place": "Stanislaus", "region": "San Joaquin Valley" }, "geometry": { "type": "Polygon", "coordinates": [ [ [ -121.08546, 37.36374 ], [ -121.08701, 37.47168 ], [ -121.22287, 37.47037 ], [ -121.22112, 37.36243 ], [ -121.08546, 37.36374 ] ] ] } },
{ "type": "Feature", "properties": { "cell_id": 648, "n_fields": 10, "ndvi_slope": -0.0047, "ndvi_mean": 0.686, "ndmi_slope": -0.0016, "ndmi_mean": 0.109, "ndwi_slope": 0.0003, "ndwi_mean": -0.534, "place": "Stanislaus", "region": "San Joaquin Valley" }, "geometry": { "type": "Polygon", "coordinates": [ [ [ -121.08701, 37.47168 ], [ -121.08857, 37.57962 ], [ -121.22463, 37.57831 ], [ -121.22287, 37.47037 ], [ -121.08701, 37.47168 ] ] ] } },
{ "type": "Feature", "properties": { "cell_id": 649, "n_fields": 5, "ndvi_slope": 0.0238, "ndvi_mean": 0.638, "ndmi_slope": 0.0518, "ndmi_mean": 0.152, "ndwi_slope": -0.0468, "ndwi_mean": -0.563, "place": "Stanislaus", "region": "San Joaquin Valley" }, "geometry": { "type": "Polygon", "coordinates": [ [ [ -121.08857, 37.57962 ], [ -121.09014, 37.68756 ], [ -121.22639, 37.68624 ], [ -121.22463, 37.57831 ], [ -121.08857, 37.57962 ] ] ] } },
{ "type": "Feature", "properties": { "cell_id": 650, "n_fields": 19, "ndvi_slope": -0.0003, "ndvi_mean": 0.646, "ndmi_slope": 0.0038, "ndmi_mean": 0.137, "ndwi_slope": -0.0043, "ndwi_mean": -0.553, "place": "San Joaquin", "region": "San Joaquin Valley" }, "geometry": { "type": "Polygon", "coordinates": [ [ [ -121.09014, 37.68756 ], [ -121.09171, 37.7955 ], [ -121.22815, 37.79418 ], [ -121.22639, 37.68624 ], [ -121.09014, 37.68756 ] ] ] } },
{ "type": "Feature", "properties": { "cell_id": 651, "n_fields": 24, "ndvi_slope": 0.0034, "ndvi_mean": 0.745, "ndmi_slope": 0.0034, "ndmi_mean": 0.198, "ndwi_slope": -0.0017, "ndwi_mean": -0.599, "place": "San Joaquin", "region": "San Joaquin Valley" }, "geometry": { "type": "Polygon", "coordinates": [ [ [ -121.09171, 37.7955 ], [ -121.09328, 37.90344 ], [ -121.22992, 37.90212 ], [ -121.22815, 37.79418 ], [ -121.09171, 37.7955 ] ] ] } },
{ "type": "Feature", "properties": { "cell_id": 653, "n_fields": 2, "ndvi_slope": 0.005, "ndvi_mean": 0.662, "ndmi_slope": -0.0024, "ndmi_mean": 0.08, "ndwi_slope": 0.0084, "ndwi_mean": -0.519, "place": "San Joaquin", "region": "San Joaquin Valley" }, "geometry": { "type": "Polygon", "coordinates": [ [ [ -121.09486, 38.01138 ], [ -121.09644, 38.11932 ], [ -121.23348, 38.11799 ], [ -121.2317, 38.01005 ], [ -121.09486, 38.01138 ] ] ] } },
{ "type": "Feature", "properties": { "cell_id": 655, "n_fields": 2, "ndvi_slope": 0.0033, "ndvi_mean": 0.593, "ndmi_slope": 0.0031, "ndmi_mean": 0.104, "ndwi_slope": -0.0025, "ndwi_mean": -0.504, "place": "San Joaquin", "region": "San Joaquin Valley" }, "geometry": { "type": "Polygon", "coordinates": [ [ [ -121.09803, 38.22726 ], [ -121.09962, 38.3352 ], [ -121.23706, 38.33387 ], [ -121.23527, 38.22593 ], [ -121.09803, 38.22726 ] ] ] } },
{ "type": "Feature", "properties": { "cell_id": 681, "n_fields": 2, "ndvi_slope": -0.0047, "ndvi_mean": 0.634, "ndmi_slope": -0.0083, "ndmi_mean": -0.085, "ndwi_slope": -0.0035, "ndwi_mean": -0.417, "place": "Monterey", "region": "Salinas Valley" }, "geometry": { "type": "Polygon", "coordinates": [ [ [ -120.93113, 35.85332 ], [ -120.93244, 35.96133 ], [ -121.06563, 35.96019 ], [ -121.06414, 35.85219 ], [ -120.93113, 35.85332 ] ] ] } },
{ "type": "Feature", "properties": { "cell_id": 682, "n_fields": 4, "ndvi_slope": 0.0067, "ndvi_mean": 0.75, "ndmi_slope": 0.0021, "ndmi_mean": -0.026, "ndwi_slope": -0.0014, "ndwi_mean": -0.414, "place": "Monterey", "region": "Salinas Valley" }, "geometry": { "type": "Polygon", "coordinates": [ [ [ -120.93244, 35.96133 ], [ -120.93375, 36.06932 ], [ -121.06713, 36.06818 ], [ -121.06563, 35.96019 ], [ -120.93244, 35.96133 ] ] ] } },
{ "type": "Feature", "properties": { "cell_id": 683, "n_fields": 30, "ndvi_slope": 0.0033, "ndvi_mean": 0.734, "ndmi_slope": 0.0017, "ndmi_mean": -0.03, "ndwi_slope": -0.0025, "ndwi_mean": -0.406, "place": "Monterey", "region": "Salinas Valley" }, "geometry": { "type": "Polygon", "coordinates": [ [ [ -120.93375, 36.06932 ], [ -120.93506, 36.17731 ], [ -121.06863, 36.17617 ], [ -121.06713, 36.06818 ], [ -120.93375, 36.06932 ] ] ] } },
{ "type": "Feature", "properties": { "cell_id": 684, "n_fields": 6, "ndvi_slope": 0.0009, "ndvi_mean": 0.845, "ndmi_slope": 0.0038, "ndmi_mean": 0.014, "ndwi_slope": -0.003, "ndwi_mean": -0.45, "place": "Monterey", "region": "Salinas Valley" }, "geometry": { "type": "Polygon", "coordinates": [ [ [ -120.93506, 36.17731 ], [ -120.93638, 36.2853 ], [ -121.07014, 36.28416 ], [ -121.06863, 36.17617 ], [ -120.93506, 36.17731 ] ] ] } },
{ "type": "Feature", "properties": { "cell_id": 685, "n_fields": 9, "ndvi_slope": -0.0008, "ndvi_mean": 0.612, "ndmi_slope": -0.0063, "ndmi_mean": -0.059, "ndwi_slope": -0.0124, "ndwi_mean": -0.389, "place": "San Benito", "region": "Salinas Valley" }, "geometry": { "type": "Polygon", "coordinates": [ [ [ -120.93638, 36.2853 ], [ -120.93771, 36.39328 ], [ -121.07165, 36.39213 ], [ -121.07014, 36.28416 ], [ -120.93638, 36.2853 ] ] ] } },
{ "type": "Feature", "properties": { "cell_id": 687, "n_fields": 3, "ndvi_slope": -0.0068, "ndvi_mean": 0.765, "ndmi_slope": -0.0011, "ndmi_mean": 0.025, "ndwi_slope": -0.0034, "ndwi_mean": -0.422, "place": "San Benito", "region": "Salinas Valley" }, "geometry": { "type": "Polygon", "coordinates": [ [ [ -120.93903, 36.50125 ], [ -120.94036, 36.60922 ], [ -121.07469, 36.60807 ], [ -121.07317, 36.5001 ], [ -120.93903, 36.50125 ] ] ] } },
{ "type": "Feature", "properties": { "cell_id": 692, "n_fields": 2, "ndvi_slope": 0.0099, "ndvi_mean": 0.762, "ndmi_slope": 0.0096, "ndmi_mean": 0.179, "ndwi_slope": -0.005, "ndwi_mean": -0.618, "place": "Merced", "region": "San Joaquin Valley" }, "geometry": { "type": "Polygon", "coordinates": [ [ [ -120.94572, 37.04106 ], [ -120.94707, 37.14901 ], [ -121.08236, 37.14785 ], [ -121.08082, 37.0399 ], [ -120.94572, 37.04106 ] ] ] } },
{ "type": "Feature", "properties": { "cell_id": 693, "n_fields": 6, "ndvi_slope": -0.0141, "ndvi_mean": 0.644, "ndmi_slope": -0.0164, "ndmi_mean": 0.126, "ndwi_slope": 0.0105, "ndwi_mean": -0.546, "place": "Merced", "region": "San Joaquin Valley" }, "geometry": { "type": "Polygon", "coordinates": [ [ [ -120.94707, 37.14901 ], [ -120.94843, 37.25695 ], [ -121.0839, 37.2558 ], [ -121.08236, 37.14785 ], [ -120.94707, 37.14901 ] ] ] } },
{ "type": "Feature", "properties": { "cell_id": 694, "n_fields": 7, "ndvi_slope": -0.0127, "ndvi_mean": 0.684, "ndmi_slope": -0.0058, "ndmi_mean": 0.142, "ndwi_slope": 0.0034, "ndwi_mean": -0.576, "place": "Stanislaus", "region": "San Joaquin Valley" }, "geometry": { "type": "Polygon", "coordinates": [ [ [ -120.94843, 37.25695 ], [ -120.94978, 37.3649 ], [ -121.08546, 37.36374 ], [ -121.0839, 37.2558 ], [ -120.94843, 37.25695 ] ] ] } },
{ "type": "Feature", "properties": { "cell_id": 695, "n_fields": 7, "ndvi_slope": 0.0097, "ndvi_mean": 0.667, "ndmi_slope": 0.0085, "ndmi_mean": 0.115, "ndwi_slope": -0.0082, "ndwi_mean": -0.52, "place": "Stanislaus", "region": "San Joaquin Valley" }, "geometry": { "type": "Polygon", "coordinates": [ [ [ -120.94978, 37.3649 ], [ -120.95114, 37.47284 ], [ -121.08701, 37.47168 ], [ -121.08546, 37.36374 ], [ -120.94978, 37.3649 ] ] ] } },
{ "type": "Feature", "properties": { "cell_id": 696, "n_fields": 4, "ndvi_slope": 0.0145, "ndvi_mean": 0.731, "ndmi_slope": 0.0142, "ndmi_mean": 0.19, "ndwi_slope": -0.0063, "ndwi_mean": -0.614, "place": "Stanislaus", "region": "San Joaquin Valley" }, "geometry": { "type": "Polygon", "coordinates": [ [ [ -120.95114, 37.47284 ], [ -120.95251, 37.58079 ], [ -121.08857, 37.57962 ], [ -121.08701, 37.47168 ], [ -120.95114, 37.47284 ] ] ] } },
{ "type": "Feature", "properties": { "cell_id": 698, "n_fields": 16, "ndvi_slope": -0.0023, "ndvi_mean": 0.696, "ndmi_slope": -0.0013, "ndmi_mean": 0.155, "ndwi_slope": 0.0028, "ndwi_mean": -0.592, "place": "San Joaquin", "region": "San Joaquin Valley" }, "geometry": { "type": "Polygon", "coordinates": [ [ [ -120.95388, 37.68873 ], [ -120.95525, 37.79667 ], [ -121.09171, 37.7955 ], [ -121.09014, 37.68756 ], [ -120.95388, 37.68873 ] ] ] } },
{ "type": "Feature", "properties": { "cell_id": 699, "n_fields": 13, "ndvi_slope": -0.0032, "ndvi_mean": 0.719, "ndmi_slope": -0.0048, "ndmi_mean": 0.142, "ndwi_slope": 0.0045, "ndwi_mean": -0.575, "place": "San Joaquin", "region": "San Joaquin Valley" }, "geometry": { "type": "Polygon", "coordinates": [ [ [ -120.95525, 37.79667 ], [ -120.95663, 37.90461 ], [ -121.09328, 37.90344 ], [ -121.09171, 37.7955 ], [ -120.95525, 37.79667 ] ] ] } },
{ "type": "Feature", "properties": { "cell_id": 700, "n_fields": 12, "ndvi_slope": 0.0136, "ndvi_mean": 0.717, "ndmi_slope": 0.0049, "ndmi_mean": 0.154, "ndwi_slope": -0.0022, "ndwi_mean": -0.586, "place": "San Joaquin", "region": "San Joaquin Valley" }, "geometry": { "type": "Polygon", "coordinates": [ [ [ -120.95663, 37.90461 ], [ -120.95801, 38.01255 ], [ -121.09486, 38.01138 ], [ -121.09328, 37.90344 ], [ -120.95663, 37.90461 ] ] ] } },
{ "type": "Feature", "properties": { "cell_id": 729, "n_fields": 6, "ndvi_slope": 0.0039, "ndvi_mean": 0.568, "ndmi_slope": -0.0087, "ndmi_mean": -0.02, "ndwi_slope": 0.0072, "ndwi_mean": -0.467, "place": "Monterey", "region": "Salinas Valley" }, "geometry": { "type": "Polygon", "coordinates": [ [ [ -120.79812, 35.85431 ], [ -120.79924, 35.96231 ], [ -120.93244, 35.96133 ], [ -120.93113, 35.85332 ], [ -120.79812, 35.85431 ] ] ] } },
{ "type": "Feature", "properties": { "cell_id": 730, "n_fields": 17, "ndvi_slope": -0.0016, "ndvi_mean": 0.815, "ndmi_slope": -0.007, "ndmi_mean": 0.012, "ndwi_slope": 0.005, "ndwi_mean": -0.452, "place": "Monterey", "region": "Salinas Valley" }, "geometry": { "type": "Polygon", "coordinates": [ [ [ -120.79924, 35.96231 ], [ -120.80036, 36.07031 ], [ -120.93375, 36.06932 ], [ -120.93244, 35.96133 ], [ -120.79924, 35.96231 ] ] ] } },
{ "type": "Feature", "properties": { "cell_id": 735, "n_fields": 6, "ndvi_slope": -0.0157, "ndvi_mean": 0.552, "ndmi_slope": 0.0015, "ndmi_mean": -0.015, "ndwi_slope": -0.0063, "ndwi_mean": -0.388, "place": "San Benito", "region": "Tulare Lake Basin" }, "geometry": { "type": "Polygon", "coordinates": [ [ [ -120.80489, 36.50224 ], [ -120.80603, 36.61021 ], [ -120.94036, 36.60922 ], [ -120.93903, 36.50125 ], [ -120.80489, 36.50224 ] ] ] } },
{ "type": "Feature", "properties": { "cell_id": 739, "n_fields": 9, "ndvi_slope": -0.0619, "ndvi_mean": 0.569, "ndmi_slope": -0.0427, "ndmi_mean": 0.094, "ndwi_slope": 0.0461, "ndwi_mean": -0.511, "place": "Merced", "region": "San Joaquin Valley" }, "geometry": { "type": "Polygon", "coordinates": [ [ [ -120.80947, 36.9341 ], [ -120.81063, 37.04205 ], [ -120.94572, 37.04106 ], [ -120.94438, 36.9331 ], [ -120.80947, 36.9341 ] ] ] } },
{ "type": "Feature", "properties": { "cell_id": 744, "n_fields": 2, "ndvi_slope": 0.0251, "ndvi_mean": 0.769, "ndmi_slope": 0.0253, "ndmi_mean": 0.102, "ndwi_slope": -0.0285, "ndwi_mean": -0.525, "place": "Stanislaus", "region": "San Joaquin Valley" }, "geometry": { "type": "Polygon", "coordinates": [ [ [ -120.81527, 37.47385 ], [ -120.81644, 37.58179 ], [ -120.95251, 37.58079 ], [ -120.95114, 37.47284 ], [ -120.81527, 37.47385 ] ] ] } },
{ "type": "Feature", "properties": { "cell_id": 746, "n_fields": 4, "ndvi_slope": 0.0056, "ndvi_mean": 0.826, "ndmi_slope": 0.003, "ndmi_mean": 0.293, "ndwi_slope": -0.0057, "ndwi_mean": -0.682, "place": "Stanislaus", "region": "San Joaquin Valley" }, "geometry": { "type": "Polygon", "coordinates": [ [ [ -120.81762, 37.68973 ], [ -120.81879, 37.79768 ], [ -120.95525, 37.79667 ], [ -120.95388, 37.68873 ], [ -120.81762, 37.68973 ] ] ] } },
{ "type": "Feature", "properties": { "cell_id": 747, "n_fields": 15, "ndvi_slope": -0.0029, "ndvi_mean": 0.803, "ndmi_slope": -0.0064, "ndmi_mean": 0.264, "ndwi_slope": 0.0055, "ndwi_mean": -0.643, "place": "Stanislaus", "region": "San Joaquin Valley" }, "geometry": { "type": "Polygon", "coordinates": [ [ [ -120.81879, 37.79768 ], [ -120.81997, 37.90562 ], [ -120.95663, 37.90461 ], [ -120.95525, 37.79667 ], [ -120.81879, 37.79768 ] ] ] } },
{ "type": "Feature", "properties": { "cell_id": 748, "n_fields": 4, "ndvi_slope": -0.0108, "ndvi_mean": 0.81, "ndmi_slope": -0.0138, "ndmi_mean": 0.26, "ndwi_slope": 0.0103, "ndwi_mean": -0.646, "place": "San Joaquin", "region": "San Joaquin Valley" }, "geometry": { "type": "Polygon", "coordinates": [ [ [ -120.81997, 37.90562 ], [ -120.82116, 38.01356 ], [ -120.95801, 38.01255 ], [ -120.95663, 37.90461 ], [ -120.81997, 37.90562 ] ] ] } },
{ "type": "Feature", "properties": { "cell_id": 781, "n_fields": 3, "ndvi_slope": -0.0129, "ndvi_mean": 0.54, "ndmi_slope": -0.0089, "ndmi_mean": -0.085, "ndwi_slope": 0.0012, "ndwi_mean": -0.421, "place": "San Benito", "region": "Salinas Valley" }, "geometry": { "type": "Polygon", "coordinates": [ [ [ -120.66886, 36.28713 ], [ -120.6698, 36.39511 ], [ -120.80376, 36.39427 ], [ -120.80262, 36.28629 ], [ -120.66886, 36.28713 ] ] ] } },
{ "type": "Feature", "properties": { "cell_id": 785, "n_fields": 23, "ndvi_slope": -0.0021, "ndvi_mean": 0.579, "ndmi_slope": -0.0075, "ndmi_mean": 0.089, "ndwi_slope": 0.0019, "ndwi_mean": -0.517, "place": "Fresno", "region": "San Joaquin Valley" }, "geometry": { "type": "Polygon", "coordinates": [ [ [ -120.67265, 36.71902 ], [ -120.67361, 36.82699 ], [ -120.80832, 36.82614 ], [ -120.80718, 36.71818 ], [ -120.67265, 36.71902 ] ] ] } },
{ "type": "Feature", "properties": { "cell_id": 786, "n_fields": 5, "ndvi_slope": -0.0001, "ndvi_mean": 0.711, "ndmi_slope": -0.0218, "ndmi_mean": 0.157, "ndwi_slope": 0.0132, "ndwi_mean": -0.528, "place": "Fresno", "region": "San Joaquin Valley" }, "geometry": { "type": "Polygon", "coordinates": [ [ [ -120.67361, 36.82699 ], [ -120.67457, 36.93495 ], [ -120.80947, 36.9341 ], [ -120.80832, 36.82614 ], [ -120.67361, 36.82699 ] ] ] } },
{ "type": "Feature", "properties": { "cell_id": 790, "n_fields": 12, "ndvi_slope": -0.0026, "ndvi_mean": 0.627, "ndmi_slope": -0.0018, "ndmi_mean": 0.084, "ndwi_slope": 0.003, "ndwi_mean": -0.542, "place": "Merced", "region": "San Joaquin Valley" }, "geometry": { "type": "Polygon", "coordinates": [ [ [ -120.67746, 37.2588 ], [ -120.67843, 37.36675 ], [ -120.81411, 37.3659 ], [ -120.81294, 37.25796 ], [ -120.67746, 37.2588 ] ] ] } },
{ "type": "Feature", "properties": { "cell_id": 791, "n_fields": 7, "ndvi_slope": -0.0042, "ndvi_mean": 0.718, "ndmi_slope": 0.0132, "ndmi_mean": 0.089, "ndwi_slope": -0.0024, "ndwi_mean": -0.579, "place": "Merced", "region": "San Joaquin Valley" }, "geometry": { "type": "Polygon", "coordinates": [ [ [ -120.67843, 37.36675 ], [ -120.6794, 37.4747 ], [ -120.81527, 37.47385 ], [ -120.81411, 37.3659 ], [ -120.67843, 37.36675 ] ] ] } },
{ "type": "Feature", "properties": { "cell_id": 792, "n_fields": 30, "ndvi_slope": 0.0011, "ndvi_mean": 0.684, "ndmi_slope": 0.0049, "ndmi_mean": 0.104, "ndwi_slope": -0.0033, "ndwi_mean": -0.559, "place": "Stanislaus", "region": "San Joaquin Valley" }, "geometry": { "type": "Polygon", "coordinates": [ [ [ -120.6794, 37.4747 ], [ -120.68038, 37.58264 ], [ -120.81644, 37.58179 ], [ -120.81527, 37.47385 ], [ -120.6794, 37.4747 ] ] ] } },
{ "type": "Feature", "properties": { "cell_id": 793, "n_fields": 22, "ndvi_slope": 0.0097, "ndvi_mean": 0.719, "ndmi_slope": 0.0122, "ndmi_mean": 0.117, "ndwi_slope": -0.0081, "ndwi_mean": -0.57, "place": "Stanislaus", "region": "San Joaquin Valley" }, "geometry": { "type": "Polygon", "coordinates": [ [ [ -120.68038, 37.58264 ], [ -120.68135, 37.69059 ], [ -120.81762, 37.68973 ], [ -120.81644, 37.58179 ], [ -120.68038, 37.58264 ] ] ] } },
{ "type": "Feature", "properties": { "cell_id": 794, "n_fields": 9, "ndvi_slope": 0.0048, "ndvi_mean": 0.74, "ndmi_slope": 0.0006, "ndmi_mean": 0.173, "ndwi_slope": 0.0037, "ndwi_mean": -0.595, "place": "Stanislaus", "region": "San Joaquin Valley" }, "geometry": { "type": "Polygon", "coordinates": [ [ [ -120.68135, 37.69059 ], [ -120.68233, 37.79853 ], [ -120.81879, 37.79768 ], [ -120.81762, 37.68973 ], [ -120.68135, 37.69059 ] ] ] } },
{ "type": "Feature", "properties": { "cell_id": 795, "n_fields": 4, "ndvi_slope": -0.0135, "ndvi_mean": 0.789, "ndmi_slope": -0.0175, "ndmi_mean": 0.285, "ndwi_slope": 0.0111, "ndwi_mean": -0.636, "place": "Stanislaus", "region": "San Joaquin Valley" }, "geometry": { "type": "Polygon", "coordinates": [ [ [ -120.68233, 37.79853 ], [ -120.68332, 37.90647 ], [ -120.81997, 37.90562 ], [ -120.81879, 37.79768 ], [ -120.68233, 37.79853 ] ] ] } },
{ "type": "Feature", "properties": { "cell_id": 824, "n_fields": 3, "ndvi_slope": -0.0307, "ndvi_mean": 0.764, "ndmi_slope": 0.0, "ndmi_mean": -0.016, "ndwi_slope": 0.0064, "ndwi_mean": -0.396, "place": "Monterey", "region": "Salinas Valley" }, "geometry": { "type": "Polygon", "coordinates": [ [ [ -120.53134, 35.74781 ], [ -120.53208, 35.85582 ], [ -120.6651, 35.85514 ], [ -120.66417, 35.74713 ], [ -120.53134, 35.74781 ] ] ] } },
{ "type": "Feature", "properties": { "cell_id": 831, "n_fields": 4, "ndvi_slope": -0.0315, "ndvi_mean": 0.673, "ndmi_slope": -0.0557, "ndmi_mean": 0.112, "ndwi_slope": 0.0538, "ndwi_mean": -0.506, "place": "Fresno", "region": "Tulare Lake Basin" }, "geometry": { "type": "Polygon", "coordinates": [ [ [ -120.5366, 36.50377 ], [ -120.53736, 36.61174 ], [ -120.6717, 36.61106 ], [ -120.67075, 36.50308 ], [ -120.5366, 36.50377 ] ] ] } },
{ "type": "Feature", "properties": { "cell_id": 832, "n_fields": 37, "ndvi_slope": -0.0139, "ndvi_mean": 0.537, "ndmi_slope": -0.0197, "ndmi_mean": 0.046, "ndwi_slope": 0.0286, "ndwi_mean": -0.447, "place": "Fresno", "region": "Tulare Lake Basin" }, "geometry": { "type": "Polygon", "coordinates": [ [ [ -120.53736, 36.61174 ], [ -120.53812, 36.71971 ], [ -120.67265, 36.71902 ], [ -120.6717, 36.61106 ], [ -120.53736, 36.61174 ] ] ] } },
{ "type": "Feature", "properties": { "cell_id": 833, "n_fields": 19, "ndvi_slope": 0.0081, "ndvi_mean": 0.431, "ndmi_slope": 0.0067, "ndmi_mean": -0.006, "ndwi_slope": -0.0063, "ndwi_mean": -0.38, "place": "Fresno", "region": "San Joaquin Valley" }, "geometry": { "type": "Polygon", "coordinates": [ [ [ -120.53812, 36.71971 ], [ -120.53889, 36.82768 ], [ -120.67361, 36.82699 ], [ -120.67265, 36.71902 ], [ -120.53812, 36.71971 ] ] ] } },
{ "type": "Feature", "properties": { "cell_id": 834, "n_fields": 7, "ndvi_slope": -0.0455, "ndvi_mean": 0.6, "ndmi_slope": -0.0221, "ndmi_mean": 0.036, "ndwi_slope": 0.0241, "ndwi_mean": -0.392, "place": "Fresno", "region": "San Joaquin Valley" }, "geometry": { "type": "Polygon", "coordinates": [ [ [ -120.53889, 36.82768 ], [ -120.53966, 36.93564 ], [ -120.67457, 36.93495 ], [ -120.67361, 36.82699 ], [ -120.53889, 36.82768 ] ] ] } },
{ "type": "Feature", "properties": { "cell_id": 836, "n_fields": 18, "ndvi_slope": 0.0365, "ndvi_mean": 0.616, "ndmi_slope": 0.0224, "ndmi_mean": 0.084, "ndwi_slope": -0.0194, "ndwi_mean": -0.562, "place": "Merced", "region": "San Joaquin Valley" }, "geometry": { "type": "Polygon", "coordinates": [ [ [ -120.54043, 37.04359 ], [ -120.5412, 37.15155 ], [ -120.67649, 37.15085 ], [ -120.67553, 37.0429 ], [ -120.54043, 37.04359 ] ] ] } },
{ "type": "Feature", "properties": { "cell_id": 837, "n_fields": 13, "ndvi_slope": 0.0532, "ndvi_mean": 0.566, "ndmi_slope": 0.0281, "ndmi_mean": 0.101, "ndwi_slope": -0.0352, "ndwi_mean": -0.528, "place": "Merced", "region": "San Joaquin Valley" }, "geometry": { "type": "Polygon", "coordinates": [ [ [ -120.5412, 37.15155 ], [ -120.54197, 37.2595 ], [ -120.67746, 37.2588 ], [ -120.67649, 37.15085 ], [ -120.5412, 37.15155 ] ] ] } },
{ "type": "Feature", "properties": { "cell_id": 839, "n_fields": 13, "ndvi_slope": -0.0022, "ndvi_mean": 0.749, "ndmi_slope": -0.0061, "ndmi_mean": 0.141, "ndwi_slope": 0.0034, "ndwi_mean": -0.614, "place": "Merced", "region": "San Joaquin Valley" }, "geometry": { "type": "Polygon", "coordinates": [ [ [ -120.54275, 37.36745 ], [ -120.54352, 37.4754 ], [ -120.6794, 37.4747 ], [ -120.67843, 37.36675 ], [ -120.54275, 37.36745 ] ] ] } },
{ "type": "Feature", "properties": { "cell_id": 840, "n_fields": 62, "ndvi_slope": 0.0007, "ndvi_mean": 0.718, "ndmi_slope": 0.0034, "ndmi_mean": 0.128, "ndwi_slope": -0.0007, "ndwi_mean": -0.585, "place": "Merced", "region": "San Joaquin Valley" }, "geometry": { "type": "Polygon", "coordinates": [ [ [ -120.54352, 37.4754 ], [ -120.5443, 37.58334 ], [ -120.68038, 37.58264 ], [ -120.6794, 37.4747 ], [ -120.54352, 37.4754 ] ] ] } },
{ "type": "Feature", "properties": { "cell_id": 841, "n_fields": 16, "ndvi_slope": -0.0041, "ndvi_mean": 0.784, "ndmi_slope": -0.0077, "ndmi_mean": 0.153, "ndwi_slope": 0.007, "ndwi_mean": -0.629, "place": "Stanislaus", "region": "San Joaquin Valley" }, "geometry": { "type": "Polygon", "coordinates": [ [ [ -120.5443, 37.58334 ], [ -120.54509, 37.69129 ], [ -120.68135, 37.69059 ], [ -120.68038, 37.58264 ], [ -120.5443, 37.58334 ] ] ] } },
{ "type": "Feature", "properties": { "cell_id": 842, "n_fields": 2, "ndvi_slope": -0.005, "ndvi_mean": 0.797, "ndmi_slope": -0.0107, "ndmi_mean": 0.289, "ndwi_slope": 0.009, "ndwi_mean": -0.646, "place": "Stanislaus", "region": "San Joaquin Valley" }, "geometry": { "type": "Polygon", "coordinates": [ [ [ -120.54509, 37.69129 ], [ -120.54587, 37.79923 ], [ -120.68233, 37.79853 ], [ -120.68135, 37.69059 ], [ -120.54509, 37.69129 ] ] ] } },
{ "type": "Feature", "properties": { "cell_id": 878, "n_fields": 3, "ndvi_slope": -0.0566, "ndvi_mean": 0.507, "ndmi_slope": -0.0504, "ndmi_mean": 0.064, "ndwi_slope": 0.0498, "ndwi_mean": -0.452, "place": "Fresno", "region": "Tulare Lake Basin" }, "geometry": { "type": "Polygon", "coordinates": [ [ [ -120.40188, 36.39633 ], [ -120.40245, 36.50431 ], [ -120.5366, 36.50377 ], [ -120.53584, 36.39579 ], [ -120.40188, 36.39633 ] ] ] } },
{ "type": "Feature", "properties": { "cell_id": 879, "n_fields": 13, "ndvi_slope": -0.0026, "ndvi_mean": 0.664, "ndmi_slope": -0.0035, "ndmi_mean": 0.145, "ndwi_slope": 0.0035, "ndwi_mean": -0.536, "place": "Fresno", "region": "Tulare Lake Basin" }, "geometry": { "type": "Polygon", "coordinates": [ [ [ -120.40245, 36.50431 ], [ -120.40302, 36.61228 ], [ -120.53736, 36.61174 ], [ -120.5366, 36.50377 ], [ -120.40245, 36.50431 ] ] ] } },
{ "type": "Feature", "properties": { "cell_id": 880, "n_fields": 28, "ndvi_slope": 0.0134, "ndvi_mean": 0.465, "ndmi_slope": 0.0051, "ndmi_mean": 0.047, "ndwi_slope": -0.0142, "ndwi_mean": -0.434, "place": "Fresno", "region": "Tulare Lake Basin" }, "geometry": { "type": "Polygon", "coordinates": [ [ [ -120.40302, 36.61228 ], [ -120.4036, 36.72025 ], [ -120.53812, 36.71971 ], [ -120.53736, 36.61174 ], [ -120.40302, 36.61228 ] ] ] } },
{ "type": "Feature", "properties": { "cell_id": 881, "n_fields": 6, "ndvi_slope": -0.0474, "ndvi_mean": 0.447, "ndmi_slope": -0.0423, "ndmi_mean": 0.045, "ndwi_slope": 0.0373, "ndwi_mean": -0.423, "place": "Fresno", "region": "San Joaquin Valley" }, "geometry": { "type": "Polygon", "coordinates": [ [ [ -120.4036, 36.72025 ], [ -120.40417, 36.82821 ], [ -120.53889, 36.82768 ], [ -120.53812, 36.71971 ], [ -120.4036, 36.72025 ] ] ] } },
{ "type": "Feature", "properties": { "cell_id": 882, "n_fields": 13, "ndvi_slope": -0.0016, "ndvi_mean": 0.747, "ndmi_slope": -0.0044, "ndmi_mean": 0.094, "ndwi_slope": 0.0026, "ndwi_mean": -0.54, "place": "Madera", "region": "San Joaquin Valley" }, "geometry": { "type": "Polygon", "coordinates": [ [ [ -120.40417, 36.82821 ], [ -120.40474, 36.93617 ], [ -120.53966, 36.93564 ], [ -120.53889, 36.82768 ], [ -120.40417, 36.82821 ] ] ] } },
{ "type": "Feature", "properties": { "cell_id": 883, "n_fields": 12, "ndvi_slope": 0.0005, "ndvi_mean": 0.751, "ndmi_slope": 0.0053, "ndmi_mean": 0.128, "ndwi_slope": 0.0001, "ndwi_mean": -0.587, "place": "Madera", "region": "San Joaquin Valley" }, "geometry": { "type": "Polygon", "coordinates": [ [ [ -120.40474, 36.93617 ], [ -120.40532, 37.04413 ], [ -120.54043, 37.04359 ], [ -120.53966, 36.93564 ], [ -120.40474, 36.93617 ] ] ] } },
{ "type": "Feature", "properties": { "cell_id": 884, "n_fields": 17, "ndvi_slope": 0.015, "ndvi_mean": 0.65, "ndmi_slope": 0.0125, "ndmi_mean": 0.061, "ndwi_slope": -0.0154, "ndwi_mean": -0.524, "place": "Madera", "region": "San Joaquin Valley" }, "geometry": { "type": "Polygon", "coordinates": [ [ [ -120.40532, 37.04413 ], [ -120.4059, 37.15209 ], [ -120.5412, 37.15155 ], [ -120.54043, 37.04359 ], [ -120.40532, 37.04413 ] ] ] } },
{ "type": "Feature", "properties": { "cell_id": 885, "n_fields": 2, "ndvi_slope": -0.0073, "ndvi_mean": 0.75, "ndmi_slope": -0.0111, "ndmi_mean": 0.217, "ndwi_slope": 0.0064, "ndwi_mean": -0.6, "place": "Merced", "region": "San Joaquin Valley" }, "geometry": { "type": "Polygon", "coordinates": [ [ [ -120.4059, 37.15209 ], [ -120.40648, 37.26004 ], [ -120.54197, 37.2595 ], [ -120.5412, 37.15155 ], [ -120.4059, 37.15209 ] ] ] } },
{ "type": "Feature", "properties": { "cell_id": 886, "n_fields": 4, "ndvi_slope": 0.0065, "ndvi_mean": 0.665, "ndmi_slope": 0.0014, "ndmi_mean": 0.157, "ndwi_slope": -0.0021, "ndwi_mean": -0.608, "place": "Merced", "region": "San Joaquin Valley" }, "geometry": { "type": "Polygon", "coordinates": [ [ [ -120.40648, 37.26004 ], [ -120.40706, 37.36799 ], [ -120.54275, 37.36745 ], [ -120.54197, 37.2595 ], [ -120.40648, 37.26004 ] ] ] } },
{ "type": "Feature", "properties": { "cell_id": 887, "n_fields": 11, "ndvi_slope": 0.0019, "ndvi_mean": 0.665, "ndmi_slope": 0.0029, "ndmi_mean": 0.108, "ndwi_slope": 0.0006, "ndwi_mean": -0.577, "place": "Merced", "region": "San Joaquin Valley" }, "geometry": { "type": "Polygon", "coordinates": [ [ [ -120.40706, 37.36799 ], [ -120.40764, 37.47594 ], [ -120.54352, 37.4754 ], [ -120.54275, 37.36745 ], [ -120.40706, 37.36799 ] ] ] } },
{ "type": "Feature", "properties": { "cell_id": 888, "n_fields": 12, "ndvi_slope": -0.0065, "ndvi_mean": 0.744, "ndmi_slope": -0.0098, "ndmi_mean": 0.14, "ndwi_slope": 0.0074, "ndwi_mean": -0.589, "place": "Merced", "region": "San Joaquin Valley" }, "geometry": { "type": "Polygon", "coordinates": [ [ [ -120.40764, 37.47594 ], [ -120.40823, 37.58388 ], [ -120.5443, 37.58334 ], [ -120.54352, 37.4754 ], [ -120.40764, 37.47594 ] ] ] } },
{ "type": "Feature", "properties": { "cell_id": 889, "n_fields": 2, "ndvi_slope": 0.0013, "ndvi_mean": 0.725, "ndmi_slope": 0.0024, "ndmi_mean": 0.149, "ndwi_slope": -0.0045, "ndwi_mean": -0.581, "place": "Stanislaus", "region": "San Joaquin Valley" }, "geometry": { "type": "Polygon", "coordinates": [ [ [ -120.40823, 37.58388 ], [ -120.40882, 37.69183 ], [ -120.54509, 37.69129 ], [ -120.5443, 37.58334 ], [ -120.40823, 37.58388 ] ] ] } },
{ "type": "Feature", "properties": { "cell_id": 925, "n_fields": 7, "ndvi_slope": -0.0366, "ndvi_mean": 0.628, "ndmi_slope": -0.0331, "ndmi_mean": 0.102, "ndwi_slope": 0.0311, "ndwi_mean": -0.493, "place": "Fresno", "region": "Tulare Lake Basin" }, "geometry": { "type": "Polygon", "coordinates": [ [ [ -120.26755, 36.28873 ], [ -120.26792, 36.39671 ], [ -120.40188, 36.39633 ], [ -120.40132, 36.28835 ], [ -120.26755, 36.28873 ] ] ] } },
{ "type": "Feature", "properties": { "cell_id": 926, "n_fields": 19, "ndvi_slope": -0.0037, "ndvi_mean": 0.575, "ndmi_slope": -0.0139, "ndmi_mean": 0.092, "ndwi_slope": 0.0106, "ndwi_mean": -0.508, "place": "Fresno", "region": "Tulare Lake Basin" }, "geometry": { "type": "Polygon", "coordinates": [ [ [ -120.26792, 36.39671 ], [ -120.2683, 36.50469 ], [ -120.40245, 36.50431 ], [ -120.40188, 36.39633 ], [ -120.26792, 36.39671 ] ] ] } },
{ "type": "Feature", "properties": { "cell_id": 927, "n_fields": 23, "ndvi_slope": -0.02, "ndvi_mean": 0.51, "ndmi_slope": -0.025, "ndmi_mean": 0.068, "ndwi_slope": 0.0295, "ndwi_mean": -0.451, "place": "Fresno", "region": "Tulare Lake Basin" }, "geometry": { "type": "Polygon", "coordinates": [ [ [ -120.2683, 36.50469 ], [ -120.26868, 36.61266 ], [ -120.40302, 36.61228 ], [ -120.40245, 36.50431 ], [ -120.2683, 36.50469 ] ] ] } },
{ "type": "Feature", "properties": { "cell_id": 928, "n_fields": 3, "ndvi_slope": -0.0172, "ndvi_mean": 0.382, "ndmi_slope": -0.0156, "ndmi_mean": -0.103, "ndwi_slope": 0.0132, "ndwi_mean": -0.336, "place": "Fresno", "region": "Tulare Lake Basin" }, "geometry": { "type": "Polygon", "coordinates": [ [ [ -120.26868, 36.61266 ], [ -120.26906, 36.72063 ], [ -120.4036, 36.72025 ], [ -120.40302, 36.61228 ], [ -120.26868, 36.61266 ] ] ] } },
{ "type": "Feature", "properties": { "cell_id": 929, "n_fields": 16, "ndvi_slope": -0.0174, "ndvi_mean": 0.63, "ndmi_slope": -0.0165, "ndmi_mean": 0.083, "ndwi_slope": 0.0127, "ndwi_mean": -0.547, "place": "Fresno", "region": "San Joaquin Valley" }, "geometry": { "type": "Polygon", "coordinates": [ [ [ -120.26906, 36.72063 ], [ -120.26945, 36.8286 ], [ -120.40417, 36.82821 ], [ -120.4036, 36.72025 ], [ -120.26906, 36.72063 ] ] ] } },
{ "type": "Feature", "properties": { "cell_id": 930, "n_fields": 27, "ndvi_slope": 0.006, "ndvi_mean": 0.61, "ndmi_slope": 0.0043, "ndmi_mean": 0.073, "ndwi_slope": -0.0026, "ndwi_mean": -0.491, "place": "Madera", "region": "San Joaquin Valley" }, "geometry": { "type": "Polygon", "coordinates": [ [ [ -120.26945, 36.8286 ], [ -120.26983, 36.93656 ], [ -120.40474, 36.93617 ], [ -120.40417, 36.82821 ], [ -120.26945, 36.8286 ] ] ] } },
{ "type": "Feature", "properties": { "cell_id": 931, "n_fields": 16, "ndvi_slope": 0.0148, "ndvi_mean": 0.639, "ndmi_slope": 0.0075, "ndmi_mean": 0.042, "ndwi_slope": -0.0029, "ndwi_mean": -0.519, "place": "Madera", "region": "San Joaquin Valley" }, "geometry": { "type": "Polygon", "coordinates": [ [ [ -120.26983, 36.93656 ], [ -120.27021, 37.04452 ], [ -120.40532, 37.04413 ], [ -120.40474, 36.93617 ], [ -120.26983, 36.93656 ] ] ] } },
{ "type": "Feature", "properties": { "cell_id": 932, "n_fields": 26, "ndvi_slope": 0.0032, "ndvi_mean": 0.715, "ndmi_slope": -0.0014, "ndmi_mean": 0.098, "ndwi_slope": -0.0018, "ndwi_mean": -0.565, "place": "Madera", "region": "San Joaquin Valley" }, "geometry": { "type": "Polygon", "coordinates": [ [ [ -120.27021, 37.04452 ], [ -120.2706, 37.15247 ], [ -120.4059, 37.15209 ], [ -120.40532, 37.04413 ], [ -120.27021, 37.04452 ] ] ] } },
{ "type": "Feature", "properties": { "cell_id": 933, "n_fields": 21, "ndvi_slope": 0.012, "ndvi_mean": 0.715, "ndmi_slope": 0.0078, "ndmi_mean": 0.185, "ndwi_slope": -0.0078, "ndwi_mean": -0.562, "place": "Merced", "region": "San Joaquin Valley" }, "geometry": { "type": "Polygon", "coordinates": [ [ [ -120.2706, 37.15247 ], [ -120.27099, 37.26042 ], [ -120.40648, 37.26004 ], [ -120.4059, 37.15209 ], [ -120.2706, 37.15247 ] ] ] } },
{ "type": "Feature", "properties": { "cell_id": 934, "n_fields": 26, "ndvi_slope": 0.0046, "ndvi_mean": 0.689, "ndmi_slope": 0.0044, "ndmi_mean": 0.175, "ndwi_slope": -0.005, "ndwi_mean": -0.606, "place": "Merced", "region": "San Joaquin Valley" }, "geometry": { "type": "Polygon", "coordinates": [ [ [ -120.27099, 37.26042 ], [ -120.27138, 37.36838 ], [ -120.40706, 37.36799 ], [ -120.40648, 37.26004 ], [ -120.27099, 37.26042 ] ] ] } },
{ "type": "Feature", "properties": { "cell_id": 971, "n_fields": 7, "ndvi_slope": 0.0036, "ndvi_mean": 0.568, "ndmi_slope": 0.0037, "ndmi_mean": 0.071, "ndwi_slope": -0.0073, "ndwi_mean": -0.503, "place": "Fresno", "region": "Tulare Lake Basin" }, "geometry": { "type": "Polygon", "coordinates": [ [ [ -120.1334, 36.07297 ], [ -120.13358, 36.18097 ], [ -120.26717, 36.18074 ], [ -120.26679, 36.07274 ], [ -120.1334, 36.07297 ] ] ] } },
{ "type": "Feature", "properties": { "cell_id": 972, "n_fields": 27, "ndvi_slope": -0.0105, "ndvi_mean": 0.61, "ndmi_slope": -0.0278, "ndmi_mean": 0.092, "ndwi_slope": 0.0338, "ndwi_mean": -0.479, "place": "Fresno", "region": "Tulare Lake Basin" }, "geometry": { "type": "Polygon", "coordinates": [ [ [ -120.13358, 36.18097 ], [ -120.13377, 36.28895 ], [ -120.26755, 36.28873 ], [ -120.26717, 36.18074 ], [ -120.13358, 36.18097 ] ] ] } },
{ "type": "Feature", "properties": { "cell_id": 973, "n_fields": 8, "ndvi_slope": 0.0008, "ndvi_mean": 0.606, "ndmi_slope": -0.0243, "ndmi_mean": 0.126, "ndwi_slope": 0.0134, "ndwi_mean": -0.494, "place": "Fresno", "region": "Tulare Lake Basin" }, "geometry": { "type": "Polygon", "coordinates": [ [ [ -120.13377, 36.28895 ], [ -120.13396, 36.39694 ], [ -120.26792, 36.39671 ], [ -120.26755, 36.28873 ], [ -120.13377, 36.28895 ] ] ] } },
{ "type": "Feature", "properties": { "cell_id": 975, "n_fields": 4, "ndvi_slope": 0.0081, "ndvi_mean": 0.455, "ndmi_slope": 0.0056, "ndmi_mean": -0.003, "ndwi_slope": -0.0075, "ndwi_mean": -0.428, "place": "Fresno", "region": "Tulare Lake Basin" }, "geometry": { "type": "Polygon", "coordinates": [ [ [ -120.13415, 36.50492 ], [ -120.13434, 36.61289 ], [ -120.26868, 36.61266 ], [ -120.2683, 36.50469 ], [ -120.13415, 36.50492 ] ] ] } },
{ "type": "Feature", "properties": { "cell_id": 976, "n_fields": 21, "ndvi_slope": 0.0069, "ndvi_mean": 0.481, "ndmi_slope": 0.0, "ndmi_mean": 0.013, "ndwi_slope": -0.0024, "ndwi_mean": -0.435, "place": "Fresno", "region": "Tulare Lake Basin" }, "geometry": { "type": "Polygon", "coordinates": [ [ [ -120.13434, 36.61289 ], [ -120.13453, 36.72086 ], [ -120.26906, 36.72063 ], [ -120.26868, 36.61266 ], [ -120.13434, 36.61289 ] ] ] } },
{ "type": "Feature", "properties": { "cell_id": 977, "n_fields": 38, "ndvi_slope": 0.0145, "ndvi_mean": 0.584, "ndmi_slope": 0.0116, "ndmi_mean": 0.069, "ndwi_slope": -0.0114, "ndwi_mean": -0.51, "place": "Fresno", "region": "Tulare Lake Basin" }, "geometry": { "type": "Polygon", "coordinates": [ [ [ -120.13453, 36.72086 ], [ -120.13472, 36.82883 ], [ -120.26945, 36.8286 ], [ -120.26906, 36.72063 ], [ -120.13453, 36.72086 ] ] ] } },
{ "type": "Feature", "properties": { "cell_id": 978, "n_fields": 28, "ndvi_slope": 0.0088, "ndvi_mean": 0.613, "ndmi_slope": 0.0084, "ndmi_mean": 0.076, "ndwi_slope": -0.0058, "ndwi_mean": -0.52, "place": "Madera", "region": "San Joaquin Valley" }, "geometry": { "type": "Polygon", "coordinates": [ [ [ -120.13472, 36.82883 ], [ -120.13492, 36.93679 ], [ -120.26983, 36.93656 ], [ -120.26945, 36.8286 ], [ -120.13472, 36.82883 ] ] ] } },
{ "type": "Feature", "properties": { "cell_id": 979, "n_fields": 28, "ndvi_slope": -0.0008, "ndvi_mean": 0.673, "ndmi_slope": 0.0014, "ndmi_mean": 0.083, "ndwi_slope": -0.0018, "ndwi_mean": -0.555, "place": "Madera", "region": "San Joaquin Valley" }, "geometry": { "type": "Polygon", "coordinates": [ [ [ -120.13492, 36.93679 ], [ -120.13511, 37.04475 ], [ -120.27021, 37.04452 ], [ -120.26983, 36.93656 ], [ -120.13492, 36.93679 ] ] ] } },
{ "type": "Feature", "properties": { "cell_id": 980, "n_fields": 35, "ndvi_slope": 0.0101, "ndvi_mean": 0.645, "ndmi_slope": 0.0023, "ndmi_mean": 0.086, "ndwi_slope": -0.0046, "ndwi_mean": -0.552, "place": "Madera", "region": "San Joaquin Valley" }, "geometry": { "type": "Polygon", "coordinates": [ [ [ -120.13511, 37.04475 ], [ -120.1353, 37.1527 ], [ -120.2706, 37.15247 ], [ -120.27021, 37.04452 ], [ -120.13511, 37.04475 ] ] ] } },
{ "type": "Feature", "properties": { "cell_id": 981, "n_fields": 30, "ndvi_slope": 0.0057, "ndvi_mean": 0.612, "ndmi_slope": -0.0017, "ndmi_mean": 0.089, "ndwi_slope": -0.0016, "ndwi_mean": -0.551, "place": "Merced", "region": "San Joaquin Valley" }, "geometry": { "type": "Polygon", "coordinates": [ [ [ -120.1353, 37.1527 ], [ -120.13549, 37.26066 ], [ -120.27099, 37.26042 ], [ -120.2706, 37.15247 ], [ -120.1353, 37.1527 ] ] ] } },
{ "type": "Feature", "properties": { "cell_id": 1015, "n_fields": 3, "ndvi_slope": -0.0048, "ndvi_mean": 0.778, "ndmi_slope": -0.0048, "ndmi_mean": 0.268, "ndwi_slope": 0.0035, "ndwi_mean": -0.637, "place": "Kern", "region": "Tulare Lake Basin" }, "geometry": { "type": "Polygon", "coordinates": [ [ [ -120.0, 35.641 ], [ -120.0, 35.74902 ], [ -120.13284, 35.74894 ], [ -120.13265, 35.64092 ], [ -120.0, 35.641 ] ] ] } },
{ "type": "Feature", "properties": { "cell_id": 1018, "n_fields": 4, "ndvi_slope": -0.0016, "ndvi_mean": 0.715, "ndmi_slope": -0.0011, "ndmi_mean": 0.201, "ndwi_slope": 0.0032, "ndwi_mean": -0.594, "place": "Kings", "region": "Tulare Lake Basin" }, "geometry": { "type": "Polygon", "coordinates": [ [ [ -120.0, 35.96504 ], [ -120.0, 36.07305 ], [ -120.1334, 36.07297 ], [ -120.13321, 35.96497 ], [ -120.0, 35.96504 ] ] ] } },
{ "type": "Feature", "properties": { "cell_id": 1019, "n_fields": 34, "ndvi_slope": -0.0054, "ndvi_mean": 0.743, "ndmi_slope": -0.0082, "ndmi_mean": 0.222, "ndwi_slope": 0.0087, "ndwi_mean": -0.611, "place": "Fresno", "region": "Tulare Lake Basin" }, "geometry": { "type": "Polygon", "coordinates": [ [ [ -120.0, 36.07305 ], [ -120.0, 36.18104 ], [ -120.13358, 36.18097 ], [ -120.1334, 36.07297 ], [ -120.0, 36.07305 ] ] ] } },
{ "type": "Feature", "properties": { "cell_id": 1020, "n_fields": 2, "ndvi_slope": -0.0353, "ndvi_mean": 0.599, "ndmi_slope": -0.0421, "ndmi_mean": 0.128, "ndwi_slope": 0.0408, "ndwi_mean": -0.49, "place": "Fresno", "region": "Tulare Lake Basin" }, "geometry": { "type": "Polygon", "coordinates": [ [ [ -120.0, 36.18104 ], [ -120.0, 36.28903 ], [ -120.13377, 36.28895 ], [ -120.13358, 36.18097 ], [ -120.0, 36.18104 ] ] ] } },
{ "type": "Feature", "properties": { "cell_id": 1022, "n_fields": 3, "ndvi_slope": -0.0426, "ndvi_mean": 0.399, "ndmi_slope": -0.0224, "ndmi_mean": -0.014, "ndwi_slope": 0.0322, "ndwi_mean": -0.342, "place": "Fresno", "region": "Tulare Lake Basin" }, "geometry": { "type": "Polygon", "coordinates": [ [ [ -120.0, 36.39701 ], [ -120.0, 36.50499 ], [ -120.13415, 36.50492 ], [ -120.13396, 36.39694 ], [ -120.0, 36.39701 ] ] ] } },
{ "type": "Feature", "properties": { "cell_id": 1023, "n_fields": 30, "ndvi_slope": 0.005, "ndvi_mean": 0.571, "ndmi_slope": 0.002, "ndmi_mean": 0.04, "ndwi_slope": -0.002, "ndwi_mean": -0.48, "place": "Fresno", "region": "Tulare Lake Basin" }, "geometry": { "type": "Polygon", "coordinates": [ [ [ -120.0, 36.50499 ], [ -120.0, 36.61297 ], [ -120.13434, 36.61289 ], [ -120.13415, 36.50492 ], [ -120.0, 36.50499 ] ] ] } },
{ "type": "Feature", "properties": { "cell_id": 1024, "n_fields": 35, "ndvi_slope": 0.0009, "ndvi_mean": 0.68, "ndmi_slope": 0.0009, "ndmi_mean": 0.158, "ndwi_slope": -0.0024, "ndwi_mean": -0.537, "place": "Fresno", "region": "Tulare Lake Basin" }, "geometry": { "type": "Polygon", "coordinates": [ [ [ -120.0, 36.61297 ], [ -120.0, 36.72094 ], [ -120.13453, 36.72086 ], [ -120.13434, 36.61289 ], [ -120.0, 36.61297 ] ] ] } },
{ "type": "Feature", "properties": { "cell_id": 1025, "n_fields": 38, "ndvi_slope": 0.0071, "ndvi_mean": 0.566, "ndmi_slope": 0.0059, "ndmi_mean": 0.065, "ndwi_slope": -0.0051, "ndwi_mean": -0.495, "place": "Fresno", "region": "Tulare Lake Basin" }, "geometry": { "type": "Polygon", "coordinates": [ [ [ -120.0, 36.72094 ], [ -120.0, 36.8289 ], [ -120.13472, 36.82883 ], [ -120.13453, 36.72086 ], [ -120.0, 36.72094 ] ] ] } },
{ "type": "Feature", "properties": { "cell_id": 1026, "n_fields": 14, "ndvi_slope": -0.0021, "ndvi_mean": 0.632, "ndmi_slope": 0.0008, "ndmi_mean": 0.075, "ndwi_slope": -0.0069, "ndwi_mean": -0.55, "place": "Madera", "region": "San Joaquin Valley" }, "geometry": { "type": "Polygon", "coordinates": [ [ [ -120.0, 36.8289 ], [ -120.0, 36.93687 ], [ -120.13492, 36.93679 ], [ -120.13472, 36.82883 ], [ -120.0, 36.8289 ] ] ] } },
{ "type": "Feature", "properties": { "cell_id": 1027, "n_fields": 9, "ndvi_slope": 0.0029, "ndvi_mean": 0.727, "ndmi_slope": -0.0015, "ndmi_mean": 0.179, "ndwi_slope": -0.0016, "ndwi_mean": -0.644, "place": "Madera", "region": "San Joaquin Valley" }, "geometry": { "type": "Polygon", "coordinates": [ [ [ -120.0, 36.93687 ], [ -120.0, 37.04482 ], [ -120.13511, 37.04475 ], [ -120.13492, 36.93679 ], [ -120.0, 36.93687 ] ] ] } },
{ "type": "Feature", "properties": { "cell_id": 1028, "n_fields": 17, "ndvi_slope": 0.013, "ndvi_mean": 0.668, "ndmi_slope": -0.0015, "ndmi_mean": 0.091, "ndwi_slope": -0.0069, "ndwi_mean": -0.57, "place": "Madera", "region": "San Joaquin Valley" }, "geometry": { "type": "Polygon", "coordinates": [ [ [ -120.0, 37.04482 ], [ -120.0, 37.15278 ], [ -120.1353, 37.1527 ], [ -120.13511, 37.04475 ], [ -120.0, 37.04482 ] ] ] } },
{ "type": "Feature", "properties": { "cell_id": 1029, "n_fields": 2, "ndvi_slope": 0.002, "ndvi_mean": 0.686, "ndmi_slope": -0.0039, "ndmi_mean": 0.135, "ndwi_slope": -0.0009, "ndwi_mean": -0.613, "place": "Madera", "region": "San Joaquin Valley" }, "geometry": { "type": "Polygon", "coordinates": [ [ [ -120.0, 37.15278 ], [ -120.0, 37.26073 ], [ -120.13549, 37.26066 ], [ -120.1353, 37.1527 ], [ -120.0, 37.15278 ] ] ] } },
{ "type": "Feature", "properties": { "cell_id": 1062, "n_fields": 10, "ndvi_slope": -0.0131, "ndvi_mean": 0.834, "ndmi_slope": -0.0159, "ndmi_mean": 0.242, "ndwi_slope": 0.0074, "ndwi_mean": -0.619, "place": "Kern", "region": "Tulare Lake Basin" }, "geometry": { "type": "Polygon", "coordinates": [ [ [ -119.86754, 35.53289 ], [ -119.86735, 35.64092 ], [ -120.0, 35.641 ], [ -120.0, 35.53297 ], [ -119.86754, 35.53289 ] ] ] } },
{ "type": "Feature", "properties": { "cell_id": 1063, "n_fields": 6, "ndvi_slope": -0.0087, "ndvi_mean": 0.824, "ndmi_slope": -0.0012, "ndmi_mean": 0.213, "ndwi_slope": 0.0017, "ndwi_mean": -0.59, "place": "Kern", "region": "Tulare Lake Basin" }, "geometry": { "type": "Polygon", "coordinates": [ [ [ -119.86735, 35.64092 ], [ -119.86716, 35.74894 ], [ -120.0, 35.74902 ], [ -120.0, 35.641 ], [ -119.86735, 35.64092 ] ] ] } },
{ "type": "Feature", "properties": { "cell_id": 1064, "n_fields": 6, "ndvi_slope": 0.003, "ndvi_mean": 0.848, "ndmi_slope": -0.0049, "ndmi_mean": 0.286, "ndwi_slope": -0.0017, "ndwi_mean": -0.633, "place": "Kings", "region": "Tulare Lake Basin" }, "geometry": { "type": "Polygon", "coordinates": [ [ [ -119.86716, 35.74894 ], [ -119.86698, 35.85696 ], [ -120.0, 35.85704 ], [ -120.0, 35.74902 ], [ -119.86716, 35.74894 ] ] ] } },
{ "type": "Feature", "properties": { "cell_id": 1065, "n_fields": 21, "ndvi_slope": 0.0065, "ndvi_mean": 0.732, "ndmi_slope": 0.0008, "ndmi_mean": 0.244, "ndwi_slope": -0.0009, "ndwi_mean": -0.601, "place": "Kings", "region": "Tulare Lake Basin" }, "geometry": { "type": "Polygon", "coordinates": [ [ [ -119.86698, 35.85696 ], [ -119.86679, 35.96497 ], [ -120.0, 35.96504 ], [ -120.0, 35.85704 ], [ -119.86698, 35.85696 ] ] ] } },
{ "type": "Feature", "properties": { "cell_id": 1066, "n_fields": 11, "ndvi_slope": -0.0177, "ndvi_mean": 0.681, "ndmi_slope": -0.0213, "ndmi_mean": 0.105, "ndwi_slope": 0.0214, "ndwi_mean": -0.5, "place": "Kings", "region": "Tulare Lake Basin" }, "geometry": { "type": "Polygon", "coordinates": [ [ [ -119.86679, 35.96497 ], [ -119.8666, 36.07297 ], [ -120.0, 36.07305 ], [ -120.0, 35.96504 ], [ -119.86679, 35.96497 ] ] ] } },
{ "type": "Feature", "properties": { "cell_id": 1067, "n_fields": 5, "ndvi_slope": 0.0022, "ndvi_mean": 0.661, "ndmi_slope": 0.0061, "ndmi_mean": 0.127, "ndwi_slope": -0.0066, "ndwi_mean": -0.548, "place": "Kings", "region": "Tulare Lake Basin" }, "geometry": { "type": "Polygon", "coordinates": [ [ [ -119.8666, 36.07297 ], [ -119.86642, 36.18097 ], [ -120.0, 36.18104 ], [ -120.0, 36.07305 ], [ -119.8666, 36.07297 ] ] ] } },
{ "type": "Feature", "properties": { "cell_id": 1068, "n_fields": 13, "ndvi_slope": 0.0157, "ndvi_mean": 0.646, "ndmi_slope": 0.0133, "ndmi_mean": 0.172, "ndwi_slope": -0.0113, "ndwi_mean": -0.578, "place": "Kings", "region": "Tulare Lake Basin" }, "geometry": { "type": "Polygon", "coordinates": [ [ [ -119.86642, 36.18097 ], [ -119.86623, 36.28895 ], [ -120.0, 36.28903 ], [ -120.0, 36.18104 ], [ -119.86642, 36.18097 ] ] ] } },
{ "type": "Feature", "properties": { "cell_id": 1069, "n_fields": 2, "ndvi_slope": -0.0127, "ndvi_mean": 0.527, "ndmi_slope": -0.0156, "ndmi_mean": 0.0, "ndwi_slope": 0.016, "ndwi_mean": -0.467, "place": "Kings", "region": "Tulare Lake Basin" }, "geometry": { "type": "Polygon", "coordinates": [ [ [ -119.86623, 36.28895 ], [ -119.86604, 36.39694 ], [ -120.0, 36.39701 ], [ -120.0, 36.28903 ], [ -119.86623, 36.28895 ] ] ] } },
{ "type": "Feature", "properties": { "cell_id": 1070, "n_fields": 24, "ndvi_slope": 0.0128, "ndvi_mean": 0.588, "ndmi_slope": 0.013, "ndmi_mean": 0.049, "ndwi_slope": -0.0103, "ndwi_mean": -0.519, "place": "Fresno", "region": "Tulare Lake Basin" }, "geometry": { "type": "Polygon", "coordinates": [ [ [ -119.86604, 36.39694 ], [ -119.86585, 36.50492 ], [ -120.0, 36.50499 ], [ -120.0, 36.39701 ], [ -119.86604, 36.39694 ] ] ] } },
{ "type": "Feature", "properties": { "cell_id": 1071, "n_fields": 40, "ndvi_slope": 0.0055, "ndvi_mean": 0.468, "ndmi_slope": 0.0022, "ndmi_mean": 0.013, "ndwi_slope": -0.0041, "ndwi_mean": -0.436, "place": "Fresno", "region": "Tulare Lake Basin" }, "geometry": { "type": "Polygon", "coordinates": [ [ [ -119.86585, 36.50492 ], [ -119.86566, 36.61289 ], [ -120.0, 36.61297 ], [ -120.0, 36.50499 ], [ -119.86585, 36.50492 ] ] ] } },
{ "type": "Feature", "properties": { "cell_id": 1072, "n_fields": 34, "ndvi_slope": -0.0007, "ndvi_mean": 0.564, "ndmi_slope": -0.005, "ndmi_mean": 0.034, "ndwi_slope": 0.0042, "ndwi_mean": -0.464, "place": "Fresno", "region": "Tulare Lake Basin" }, "geometry": { "type": "Polygon", "coordinates": [ [ [ -119.86566, 36.61289 ], [ -119.86547, 36.72086 ], [ -120.0, 36.72094 ], [ -120.0, 36.61297 ], [ -119.86566, 36.61289 ] ] ] } },
{ "type": "Feature", "properties": { "cell_id": 1073, "n_fields": 19, "ndvi_slope": 0.0003, "ndvi_mean": 0.572, "ndmi_slope": 0.0082, "ndmi_mean": 0.023, "ndwi_slope": -0.0047, "ndwi_mean": -0.473, "place": "Fresno", "region": "Tulare Lake Basin" }, "geometry": { "type": "Polygon", "coordinates": [ [ [ -119.86547, 36.72086 ], [ -119.86528, 36.82883 ], [ -120.0, 36.8289 ], [ -120.0, 36.72094 ], [ -119.86547, 36.72086 ] ] ] } },
{ "type": "Feature", "properties": { "cell_id": 1074, "n_fields": 20, "ndvi_slope": 0.0065, "ndvi_mean": 0.636, "ndmi_slope": 0.0036, "ndmi_mean": 0.108, "ndwi_slope": -0.0025, "ndwi_mean": -0.555, "place": "Madera", "region": "San Joaquin Valley" }, "geometry": { "type": "Polygon", "coordinates": [ [ [ -119.86528, 36.82883 ], [ -119.86508, 36.93679 ], [ -120.0, 36.93687 ], [ -120.0, 36.8289 ], [ -119.86528, 36.82883 ] ] ] } },
{ "type": "Feature", "properties": { "cell_id": 1075, "n_fields": 12, "ndvi_slope": 0.0032, "ndvi_mean": 0.638, "ndmi_slope": -0.0074, "ndmi_mean": 0.107, "ndwi_slope": -0.0015, "ndwi_mean": -0.569, "place": "Madera", "region": "San Joaquin Valley" }, "geometry": { "type": "Polygon", "coordinates": [ [ [ -119.86508, 36.93679 ], [ -119.86489, 37.04475 ], [ -120.0, 37.04482 ], [ -120.0, 36.93687 ], [ -119.86508, 36.93679 ] ] ] } },
{ "type": "Feature", "properties": { "cell_id": 1076, "n_fields": 3, "ndvi_slope": 0.0045, "ndvi_mean": 0.659, "ndmi_slope": -0.0127, "ndmi_mean": 0.107, "ndwi_slope": -0.0021, "ndwi_mean": -0.609, "place": "Madera", "region": "San Joaquin Valley" }, "geometry": { "type": "Polygon", "coordinates": [ [ [ -119.86489, 37.04475 ], [ -119.8647, 37.1527 ], [ -120.0, 37.15278 ], [ -120.0, 37.04482 ], [ -119.86489, 37.04475 ] ] ] } },
{ "type": "Feature", "properties": { "cell_id": 1110, "n_fields": 4, "ndvi_slope": -0.051, "ndvi_mean": 0.633, "ndmi_slope": -0.03, "ndmi_mean": 0.123, "ndwi_slope": 0.029, "ndwi_mean": -0.535, "place": "Kern", "region": "Tulare Lake Basin" }, "geometry": { "type": "Polygon", "coordinates": [ [ [ -119.73507, 35.53267 ], [ -119.7347, 35.6407 ], [ -119.86735, 35.64092 ], [ -119.86754, 35.53289 ], [ -119.73507, 35.53267 ] ] ] } },
{ "type": "Feature", "properties": { "cell_id": 1111, "n_fields": 8, "ndvi_slope": 0.0024, "ndvi_mean": 0.84, "ndmi_slope": -0.0019, "ndmi_mean": 0.274, "ndwi_slope": -0.001, "ndwi_mean": -0.654, "place": "Kern", "region": "Tulare Lake Basin" }, "geometry": { "type": "Polygon", "coordinates": [ [ [ -119.7347, 35.6407 ], [ -119.73433, 35.74872 ], [ -119.86716, 35.74894 ], [ -119.86735, 35.64092 ], [ -119.7347, 35.6407 ] ] ] } },
{ "type": "Feature", "properties": { "cell_id": 1112, "n_fields": 12, "ndvi_slope": 0.0022, "ndvi_mean": 0.869, "ndmi_slope": -0.0043, "ndmi_mean": 0.262, "ndwi_slope": 0.0013, "ndwi_mean": -0.65, "place": "Kings", "region": "Tulare Lake Basin" }, "geometry": { "type": "Polygon", "coordinates": [ [ [ -119.73433, 35.74872 ], [ -119.73396, 35.85673 ], [ -119.86698, 35.85696 ], [ -119.86716, 35.74894 ], [ -119.73433, 35.74872 ] ] ] } },
{ "type": "Feature", "properties": { "cell_id": 1113, "n_fields": 9, "ndvi_slope": 0.0169, "ndvi_mean": 0.754, "ndmi_slope": 0.0407, "ndmi_mean": 0.112, "ndwi_slope": -0.0337, "ndwi_mean": -0.508, "place": "Kings", "region": "Tulare Lake Basin" }, "geometry": { "type": "Polygon", "coordinates": [ [ [ -119.73396, 35.85673 ], [ -119.73358, 35.96474 ], [ -119.86679, 35.96497 ], [ -119.86698, 35.85696 ], [ -119.73396, 35.85673 ] ] ] } },
{ "type": "Feature", "properties": { "cell_id": 1116, "n_fields": 3, "ndvi_slope": -0.0057, "ndvi_mean": 0.803, "ndmi_slope": -0.0067, "ndmi_mean": 0.17, "ndwi_slope": 0.0028, "ndwi_mean": -0.604, "place": "Kings", "region": "Tulare Lake Basin" }, "geometry": { "type": "Polygon", "coordinates": [ [ [ -119.73283, 36.18074 ], [ -119.73245, 36.28873 ], [ -119.86623, 36.28895 ], [ -119.86642, 36.18097 ], [ -119.73283, 36.18074 ] ] ] } },
{ "type": "Feature", "properties": { "cell_id": 1117, "n_fields": 14, "ndvi_slope": -0.0029, "ndvi_mean": 0.712, "ndmi_slope": -0.0022, "ndmi_mean": 0.142, "ndwi_slope": -0.001, "ndwi_mean": -0.593, "place": "Kings", "region": "Tulare Lake Basin" }, "geometry": { "type": "Polygon", "coordinates": [ [ [ -119.73245, 36.28873 ], [ -119.73208, 36.39671 ], [ -119.86604, 36.39694 ], [ -119.86623, 36.28895 ], [ -119.73245, 36.28873 ] ] ] } },
{ "type": "Feature", "properties": { "cell_id": 1118, "n_fields": 21, "ndvi_slope": -0.0151, "ndvi_mean": 0.547, "ndmi_slope": -0.0069, "ndmi_mean": 0.025, "ndwi_slope": 0.0082, "ndwi_mean": -0.476, "place": "Fresno", "region": "Tulare Lake Basin" }, "geometry": { "type": "Polygon", "coordinates": [ [ [ -119.73208, 36.39671 ], [ -119.7317, 36.50469 ], [ -119.86585, 36.50492 ], [ -119.86604, 36.39694 ], [ -119.73208, 36.39671 ] ] ] } },
{ "type": "Feature", "properties": { "cell_id": 1119, "n_fields": 22, "ndvi_slope": 0.007, "ndvi_mean": 0.481, "ndmi_slope": 0.0066, "ndmi_mean": -0.008, "ndwi_slope": -0.0108, "ndwi_mean": -0.433, "place": "Fresno", "region": "Tulare Lake Basin" }, "geometry": { "type": "Polygon", "coordinates": [ [ [ -119.7317, 36.50469 ], [ -119.73132, 36.61266 ], [ -119.86566, 36.61289 ], [ -119.86585, 36.50492 ], [ -119.7317, 36.50469 ] ] ] } },
{ "type": "Feature", "properties": { "cell_id": 1120, "n_fields": 7, "ndvi_slope": 0.0042, "ndvi_mean": 0.682, "ndmi_slope": 0.0048, "ndmi_mean": 0.094, "ndwi_slope": -0.0015, "ndwi_mean": -0.536, "place": "Fresno", "region": "Tulare Lake Basin" }, "geometry": { "type": "Polygon", "coordinates": [ [ [ -119.73132, 36.61266 ], [ -119.73094, 36.72063 ], [ -119.86547, 36.72086 ], [ -119.86566, 36.61289 ], [ -119.73132, 36.61266 ] ] ] } },
{ "type": "Feature", "properties": { "cell_id": 1122, "n_fields": 2, "ndvi_slope": -0.0005, "ndvi_mean": 0.657, "ndmi_slope": 0.0028, "ndmi_mean": 0.038, "ndwi_slope": -0.004, "ndwi_mean": -0.48, "place": "Madera", "region": "San Joaquin Valley" }, "geometry": { "type": "Polygon", "coordinates": [ [ [ -119.73055, 36.8286 ], [ -119.73017, 36.93656 ], [ -119.86508, 36.93679 ], [ -119.86528, 36.82883 ], [ -119.73055, 36.8286 ] ] ] } },
{ "type": "Feature", "properties": { "cell_id": 1123, "n_fields": 2, "ndvi_slope": -0.0012, "ndvi_mean": 0.783, "ndmi_slope": -0.0057, "ndmi_mean": 0.249, "ndwi_slope": -0.0009, "ndwi_mean": -0.671, "place": "Madera", "region": "San Joaquin Valley" }, "geometry": { "type": "Polygon", "coordinates": [ [ [ -119.73017, 36.93656 ], [ -119.72979, 37.04452 ], [ -119.86489, 37.04475 ], [ -119.86508, 36.93679 ], [ -119.73017, 36.93656 ] ] ] } },
{ "type": "Feature", "properties": { "cell_id": 1157, "n_fields": 12, "ndvi_slope": -0.0856, "ndvi_mean": 0.509, "ndmi_slope": -0.0592, "ndmi_mean": 0.064, "ndwi_slope": 0.0576, "ndwi_mean": -0.478, "place": "Kern", "region": "Tulare Lake Basin" }, "geometry": { "type": "Polygon", "coordinates": [ [ [ -119.60316, 35.42425 ], [ -119.60261, 35.53229 ], [ -119.73507, 35.53267 ], [ -119.73544, 35.42463 ], [ -119.60316, 35.42425 ] ] ] } },
{ "type": "Feature", "properties": { "cell_id": 1158, "n_fields": 13, "ndvi_slope": -0.1103, "ndvi_mean": 0.615, "ndmi_slope": -0.0634, "ndmi_mean": 0.057, "ndwi_slope": 0.0644, "ndwi_mean": -0.464, "place": "Kern", "region": "Tulare Lake Basin" }, "geometry": { "type": "Polygon", "coordinates": [ [ [ -119.60261, 35.53229 ], [ -119.60205, 35.64032 ], [ -119.7347, 35.6407 ], [ -119.73507, 35.53267 ], [ -119.60261, 35.53229 ] ] ] } },
{ "type": "Feature", "properties": { "cell_id": 1163, "n_fields": 4, "ndvi_slope": 0.0258, "ndvi_mean": 0.674, "ndmi_slope": 0.0258, "ndmi_mean": 0.083, "ndwi_slope": -0.0138, "ndwi_mean": -0.569, "place": "Kings", "region": "Tulare Lake Basin" }, "geometry": { "type": "Polygon", "coordinates": [ [ [ -119.59981, 36.07236 ], [ -119.59925, 36.18036 ], [ -119.73283, 36.18074 ], [ -119.73321, 36.07274 ], [ -119.59981, 36.07236 ] ] ] } },
{ "type": "Feature", "properties": { "cell_id": 1164, "n_fields": 6, "ndvi_slope": 0.0132, "ndvi_mean": 0.685, "ndmi_slope": 0.0068, "ndmi_mean": 0.124, "ndwi_slope": -0.0083, "ndwi_mean": -0.589, "place": "Kings", "region": "Tulare Lake Basin" }, "geometry": { "type": "Polygon", "coordinates": [ [ [ -119.59925, 36.18036 ], [ -119.59868, 36.28835 ], [ -119.73245, 36.28873 ], [ -119.73283, 36.18074 ], [ -119.59925, 36.18036 ] ] ] } },
{ "type": "Feature", "properties": { "cell_id": 1165, "n_fields": 9, "ndvi_slope": 0.0018, "ndvi_mean": 0.744, "ndmi_slope": -0.0087, "ndmi_mean": 0.123, "ndwi_slope": 0.001, "ndwi_mean": -0.597, "place": "Kings", "region": "Tulare Lake Basin" }, "geometry": { "type": "Polygon", "coordinates": [ [ [ -119.59868, 36.28835 ], [ -119.59812, 36.39633 ], [ -119.73208, 36.39671 ], [ -119.73245, 36.28873 ], [ -119.59868, 36.28835 ] ] ] } },
{ "type": "Feature", "properties": { "cell_id": 1166, "n_fields": 10, "ndvi_slope": -0.0144, "ndvi_mean": 0.519, "ndmi_slope": -0.0059, "ndmi_mean": 0.024, "ndwi_slope": 0.0037, "ndwi_mean": -0.434, "place": "Fresno", "region": "Tulare Lake Basin" }, "geometry": { "type": "Polygon", "coordinates": [ [ [ -119.59812, 36.39633 ], [ -119.59755, 36.50431 ], [ -119.7317, 36.50469 ], [ -119.73208, 36.39671 ], [ -119.59812, 36.39633 ] ] ] } },
{ "type": "Feature", "properties": { "cell_id": 1167, "n_fields": 22, "ndvi_slope": 0.0006, "ndvi_mean": 0.486, "ndmi_slope": -0.0028, "ndmi_mean": 0.004, "ndwi_slope": -0.001, "ndwi_mean": -0.441, "place": "Fresno", "region": "Tulare Lake Basin" }, "geometry": { "type": "Polygon", "coordinates": [ [ [ -119.59755, 36.50431 ], [ -119.59698, 36.61228 ], [ -119.73132, 36.61266 ], [ -119.7317, 36.50469 ], [ -119.59755, 36.50431 ] ] ] } },
{ "type": "Feature", "properties": { "cell_id": 1168, "n_fields": 7, "ndvi_slope": 0.0636, "ndvi_mean": 0.587, "ndmi_slope": 0.0405, "ndmi_mean": 0.075, "ndwi_slope": -0.0475, "ndwi_mean": -0.512, "place": "Fresno", "region": "Tulare Lake Basin" }, "geometry": { "type": "Polygon", "coordinates": [ [ [ -119.59698, 36.61228 ], [ -119.5964, 36.72025 ], [ -119.73094, 36.72063 ], [ -119.73132, 36.61266 ], [ -119.59698, 36.61228 ] ] ] } },
{ "type": "Feature", "properties": { "cell_id": 1169, "n_fields": 2, "ndvi_slope": 0.0073, "ndvi_mean": 0.796, "ndmi_slope": -0.0232, "ndmi_mean": 0.138, "ndwi_slope": 0.0232, "ndwi_mean": -0.6, "place": "Fresno", "region": "Tulare Lake Basin" }, "geometry": { "type": "Polygon", "coordinates": [ [ [ -119.5964, 36.72025 ], [ -119.59583, 36.82821 ], [ -119.73055, 36.8286 ], [ -119.73094, 36.72063 ], [ -119.5964, 36.72025 ] ] ] } },
{ "type": "Feature", "properties": { "cell_id": 1204, "n_fields": 3, "ndvi_slope": 0.0115, "ndvi_mean": 0.574, "ndmi_slope": 0.0185, "ndmi_mean": -0.005, "ndwi_slope": -0.0159, "ndwi_mean": -0.535, "place": "Kern", "region": "Tulare Lake Basin" }, "geometry": { "type": "Polygon", "coordinates": [ [ [ -119.47162, 35.31568 ], [ -119.47088, 35.42372 ], [ -119.60316, 35.42425 ], [ -119.60371, 35.3162 ], [ -119.47162, 35.31568 ] ] ] } },
{ "type": "Feature", "properties": { "cell_id": 1205, "n_fields": 19, "ndvi_slope": 0.0095, "ndvi_mean": 0.432, "ndmi_slope": 0.0035, "ndmi_mean": -0.024, "ndwi_slope": -0.0119, "ndwi_mean": -0.417, "place": "Kern", "region": "Tulare Lake Basin" }, "geometry": { "type": "Polygon", "coordinates": [ [ [ -119.47088, 35.42372 ], [ -119.47015, 35.53176 ], [ -119.60261, 35.53229 ], [ -119.60316, 35.42425 ], [ -119.47088, 35.42372 ] ] ] } },
{ "type": "Feature", "properties": { "cell_id": 1206, "n_fields": 24, "ndvi_slope": -0.0015, "ndvi_mean": 0.683, "ndmi_slope": -0.0041, "ndmi_mean": 0.154, "ndwi_slope": 0.0048, "ndwi_mean": -0.574, "place": "Kern", "region": "Tulare Lake Basin" }, "geometry": { "type": "Polygon", "coordinates": [ [ [ -119.47015, 35.53176 ], [ -119.4694, 35.63979 ], [ -119.60205, 35.64032 ], [ -119.60261, 35.53229 ], [ -119.47015, 35.53176 ] ] ] } },
{ "type": "Feature", "properties": { "cell_id": 1207, "n_fields": 3, "ndvi_slope": 0.0241, "ndvi_mean": 0.492, "ndmi_slope": 0.0198, "ndmi_mean": 0.054, "ndwi_slope": -0.017, "ndwi_mean": -0.479, "place": "Kern", "region": "Tulare Lake Basin" }, "geometry": { "type": "Polygon", "coordinates": [ [ [ -119.4694, 35.63979 ], [ -119.46866, 35.74781 ], [ -119.60149, 35.74834 ], [ -119.60205, 35.64032 ], [ -119.4694, 35.63979 ] ] ] } },
{ "type": "Feature", "properties": { "cell_id": 1208, "n_fields": 2, "ndvi_slope": 0.026, "ndvi_mean": 0.504, "ndmi_slope": 0.0221, "ndmi_mean": -0.04, "ndwi_slope": -0.0209, "ndwi_mean": -0.457, "place": "Kern", "region": "Tulare Lake Basin" }, "geometry": { "type": "Polygon", "coordinates": [ [ [ -119.46866, 35.74781 ], [ -119.46792, 35.85582 ], [ -119.60093, 35.85635 ], [ -119.60149, 35.74834 ], [ -119.46866, 35.74781 ] ] ] } },
{ "type": "Feature", "properties": { "cell_id": 1210, "n_fields": 4, "ndvi_slope": 0.0503, "ndvi_mean": 0.542, "ndmi_slope": 0.0321, "ndmi_mean": 0.025, "ndwi_slope": -0.0345, "ndwi_mean": -0.492, "place": "Tulare", "region": "Tulare Lake Basin" }, "geometry": { "type": "Polygon", "coordinates": [ [ [ -119.46717, 35.96383 ], [ -119.46642, 36.07183 ], [ -119.59981, 36.07236 ], [ -119.60037, 35.96436 ], [ -119.46717, 35.96383 ] ] ] } },
{ "type": "Feature", "properties": { "cell_id": 1211, "n_fields": 8, "ndvi_slope": 0.028, "ndvi_mean": 0.621, "ndmi_slope": 0.0203, "ndmi_mean": 0.099, "ndwi_slope": -0.0147, "ndwi_mean": -0.548, "place": "Kings", "region": "Tulare Lake Basin" }, "geometry": { "type": "Polygon", "coordinates": [ [ [ -119.46642, 36.07183 ], [ -119.46567, 36.17982 ], [ -119.59925, 36.18036 ], [ -119.59981, 36.07236 ], [ -119.46642, 36.07183 ] ] ] } },
{ "type": "Feature", "properties": { "cell_id": 1212, "n_fields": 11, "ndvi_slope": 0.0038, "ndvi_mean": 0.763, "ndmi_slope": -0.0022, "ndmi_mean": 0.188, "ndwi_slope": -0.0022, "ndwi_mean": -0.619, "place": "Tulare", "region": "Tulare Lake Basin" }, "geometry": { "type": "Polygon", "coordinates": [ [ [ -119.46567, 36.17982 ], [ -119.46491, 36.28781 ], [ -119.59868, 36.28835 ], [ -119.59925, 36.18036 ], [ -119.46567, 36.17982 ] ] ] } },
{ "type": "Feature", "properties": { "cell_id": 1213, "n_fields": 2, "ndvi_slope": 0.0171, "ndvi_mean": 0.613, "ndmi_slope": 0.0174, "ndmi_mean": 0.064, "ndwi_slope": -0.0113, "ndwi_mean": -0.555, "place": "Kings", "region": "Tulare Lake Basin" }, "geometry": { "type": "Polygon", "coordinates": [ [ [ -119.46491, 36.28781 ], [ -119.46416, 36.39579 ], [ -119.59812, 36.39633 ], [ -119.59868, 36.28835 ], [ -119.46491, 36.28781 ] ] ] } },
{ "type": "Feature", "properties": { "cell_id": 1214, "n_fields": 4, "ndvi_slope": -0.0017, "ndvi_mean": 0.78, "ndmi_slope": -0.0017, "ndmi_mean": 0.2, "ndwi_slope": -0.0013, "ndwi_mean": -0.635, "place": "Kings", "region": "Tulare Lake Basin" }, "geometry": { "type": "Polygon", "coordinates": [ [ [ -119.46416, 36.39579 ], [ -119.4634, 36.50377 ], [ -119.59755, 36.50431 ], [ -119.59812, 36.39633 ], [ -119.46416, 36.39579 ] ] ] } },
{ "type": "Feature", "properties": { "cell_id": 1215, "n_fields": 3, "ndvi_slope": 0.0024, "ndvi_mean": 0.634, "ndmi_slope": -0.0016, "ndmi_mean": 0.095, "ndwi_slope": -0.002, "ndwi_mean": -0.519, "place": "Fresno", "region": "Tulare Lake Basin" }, "geometry": { "type": "Polygon", "coordinates": [ [ [ -119.4634, 36.50377 ], [ -119.46264, 36.61174 ], [ -119.59698, 36.61228 ], [ -119.59755, 36.50431 ], [ -119.4634, 36.50377 ] ] ] } },
{ "type": "Feature", "properties": { "cell_id": 1216, "n_fields": 4, "ndvi_slope": 0.0442, "ndvi_mean": 0.667, "ndmi_slope": 0.0516, "ndmi_mean": 0.066, "ndwi_slope": -0.0354, "ndwi_mean": -0.54, "place": "Fresno", "region": "Tulare Lake Basin" }, "geometry": { "type": "Polygon", "coordinates": [ [ [ -119.46264, 36.61174 ], [ -119.46188, 36.71971 ], [ -119.5964, 36.72025 ], [ -119.59698, 36.61228 ], [ -119.46264, 36.61174 ] ] ] } },
{ "type": "Feature", "properties": { "cell_id": 1252, "n_fields": 5, "ndvi_slope": 0.012, "ndvi_mean": 0.647, "ndmi_slope": 0.008, "ndmi_mean": 0.085, "ndwi_slope": -0.0109, "ndwi_mean": -0.574, "place": "Kern", "region": "Tulare Lake Basin" }, "geometry": { "type": "Polygon", "coordinates": [ [ [ -119.33953, 35.315 ], [ -119.33861, 35.42304 ], [ -119.47088, 35.42372 ], [ -119.47162, 35.31568 ], [ -119.33953, 35.315 ] ] ] } },
{ "type": "Feature", "properties": { "cell_id": 1253, "n_fields": 12, "ndvi_slope": -0.0018, "ndvi_mean": 0.758, "ndmi_slope": -0.0015, "ndmi_mean": 0.183, "ndwi_slope": -0.0039, "ndwi_mean": -0.615, "place": "Kern", "region": "Tulare Lake Basin" }, "geometry": { "type": "Polygon", "coordinates": [ [ [ -119.33861, 35.42304 ], [ -119.33769, 35.53108 ], [ -119.47015, 35.53176 ], [ -119.47088, 35.42372 ], [ -119.33861, 35.42304 ] ] ] } },
{ "type": "Feature", "properties": { "cell_id": 1254, "n_fields": 12, "ndvi_slope": -0.0037, "ndvi_mean": 0.697, "ndmi_slope": -0.009, "ndmi_mean": 0.08, "ndwi_slope": 0.0056, "ndwi_mean": -0.542, "place": "Kern", "region": "Tulare Lake Basin" }, "geometry": { "type": "Polygon", "coordinates": [ [ [ -119.33769, 35.53108 ], [ -119.33676, 35.63911 ], [ -119.4694, 35.63979 ], [ -119.47015, 35.53176 ], [ -119.33769, 35.53108 ] ] ] } },
{ "type": "Feature", "properties": { "cell_id": 1255, "n_fields": 16, "ndvi_slope": 0.0118, "ndvi_mean": 0.663, "ndmi_slope": 0.0156, "ndmi_mean": 0.12, "ndwi_slope": -0.0105, "ndwi_mean": -0.586, "place": "Kern", "region": "Tulare Lake Basin" }, "geometry": { "type": "Polygon", "coordinates": [ [ [ -119.33676, 35.63911 ], [ -119.33583, 35.74713 ], [ -119.46866, 35.74781 ], [ -119.4694, 35.63979 ], [ -119.33676, 35.63911 ] ] ] } },
{ "type": "Feature", "properties": { "cell_id": 1256, "n_fields": 23, "ndvi_slope": 0.0194, "ndvi_mean": 0.598, "ndmi_slope": 0.0148, "ndmi_mean": 0.093, "ndwi_slope": -0.0165, "ndwi_mean": -0.545, "place": "Tulare", "region": "Tulare Lake Basin" }, "geometry": { "type": "Polygon", "coordinates": [ [ [ -119.33583, 35.74713 ], [ -119.3349, 35.85514 ], [ -119.46792, 35.85582 ], [ -119.46866, 35.74781 ], [ -119.33583, 35.74713 ] ] ] } },
{ "type": "Feature", "properties": { "cell_id": 1257, "n_fields": 3, "ndvi_slope": 0.0432, "ndvi_mean": 0.63, "ndmi_slope": 0.0297, "ndmi_mean": 0.059, "ndwi_slope": -0.0259, "ndwi_mean": -0.553, "place": "Tulare", "region": "Tulare Lake Basin" }, "geometry": { "type": "Polygon", "coordinates": [ [ [ -119.3349, 35.85514 ], [ -119.33396, 35.96315 ], [ -119.46717, 35.96383 ], [ -119.46792, 35.85582 ], [ -119.3349, 35.85514 ] ] ] } },
{ "type": "Feature", "properties": { "cell_id": 1258, "n_fields": 4, "ndvi_slope": 0.0012, "ndvi_mean": 0.706, "ndmi_slope": -0.0032, "ndmi_mean": 0.09, "ndwi_slope": 0.0038, "ndwi_mean": -0.574, "place": "Tulare", "region": "Tulare Lake Basin" }, "geometry": { "type": "Polygon", "coordinates": [ [ [ -119.33396, 35.96315 ], [ -119.33303, 36.07115 ], [ -119.46642, 36.07183 ], [ -119.46717, 35.96383 ], [ -119.33396, 35.96315 ] ] ] } },
{ "type": "Feature", "properties": { "cell_id": 1259, "n_fields": 10, "ndvi_slope": 0.0136, "ndvi_mean": 0.688, "ndmi_slope": 0.0098, "ndmi_mean": 0.14, "ndwi_slope": -0.0074, "ndwi_mean": -0.592, "place": "Tulare", "region": "Tulare Lake Basin" }, "geometry": { "type": "Polygon", "coordinates": [ [ [ -119.33303, 36.07115 ], [ -119.33209, 36.17914 ], [ -119.46567, 36.17982 ], [ -119.46642, 36.07183 ], [ -119.33303, 36.07115 ] ] ] } },
{ "type": "Feature", "properties": { "cell_id": 1260, "n_fields": 7, "ndvi_slope": 0.0165, "ndvi_mean": 0.614, "ndmi_slope": 0.0113, "ndmi_mean": 0.05, "ndwi_slope": -0.0046, "ndwi_mean": -0.532, "place": "Tulare", "region": "Tulare Lake Basin" }, "geometry": { "type": "Polygon", "coordinates": [ [ [ -119.33209, 36.17914 ], [ -119.33114, 36.28713 ], [ -119.46491, 36.28781 ], [ -119.46567, 36.17982 ], [ -119.33209, 36.17914 ] ] ] } },
{ "type": "Feature", "properties": { "cell_id": 1261, "n_fields": 3, "ndvi_slope": 0.0064, "ndvi_mean": 0.702, "ndmi_slope": -0.0015, "ndmi_mean": 0.131, "ndwi_slope": -0.0013, "ndwi_mean": -0.592, "place": "Tulare", "region": "Tulare Lake Basin" }, "geometry": { "type": "Polygon", "coordinates": [ [ [ -119.33114, 36.28713 ], [ -119.3302, 36.39511 ], [ -119.46416, 36.39579 ], [ -119.46491, 36.28781 ], [ -119.33114, 36.28713 ] ] ] } },
{ "type": "Feature", "properties": { "cell_id": 1262, "n_fields": 2, "ndvi_slope": 0.0318, "ndvi_mean": 0.508, "ndmi_slope": 0.0194, "ndmi_mean": 0.026, "ndwi_slope": -0.0211, "ndwi_mean": -0.453, "place": "Tulare", "region": "Tulare Lake Basin" }, "geometry": { "type": "Polygon", "coordinates": [ [ [ -119.3302, 36.39511 ], [ -119.32925, 36.50308 ], [ -119.4634, 36.50377 ], [ -119.46416, 36.39579 ], [ -119.3302, 36.39511 ] ] ] } },
{ "type": "Feature", "properties": { "cell_id": 1298, "n_fields": 2, "ndvi_slope": -0.0125, "ndvi_mean": 0.773, "ndmi_slope": -0.0256, "ndmi_mean": 0.241, "ndwi_slope": 0.0146, "ndwi_mean": -0.628, "place": "Kern", "region": "Tulare Lake Basin" }, "geometry": { "type": "Polygon", "coordinates": [ [ [ -119.20965, 35.09806 ], [ -119.20855, 35.20612 ], [ -119.34045, 35.20695 ], [ -119.34137, 35.09888 ], [ -119.20965, 35.09806 ] ] ] } },
{ "type": "Feature", "properties": { "cell_id": 1300, "n_fields": 7, "ndvi_slope": 0.0057, "ndvi_mean": 0.793, "ndmi_slope": 0.0072, "ndmi_mean": 0.174, "ndwi_slope": -0.0081, "ndwi_mean": -0.593, "place": "Kern", "region": "Tulare Lake Basin" }, "geometry": { "type": "Polygon", "coordinates": [ [ [ -119.20744, 35.31417 ], [ -119.20634, 35.42222 ], [ -119.33861, 35.42304 ], [ -119.33953, 35.315 ], [ -119.20744, 35.31417 ] ] ] } },
{ "type": "Feature", "properties": { "cell_id": 1301, "n_fields": 20, "ndvi_slope": 0.0042, "ndvi_mean": 0.59, "ndmi_slope": -0.0019, "ndmi_mean": 0.058, "ndwi_slope": -0.0004, "ndwi_mean": -0.514, "place": "Kern", "region": "Tulare Lake Basin" }, "geometry": { "type": "Polygon", "coordinates": [ [ [ -119.20634, 35.42222 ], [ -119.20523, 35.53025 ], [ -119.33769, 35.53108 ], [ -119.33861, 35.42304 ], [ -119.20634, 35.42222 ] ] ] } },
{ "type": "Feature", "properties": { "cell_id": 1302, "n_fields": 53, "ndvi_slope": 0.0065, "ndvi_mean": 0.598, "ndmi_slope": 0.0285, "ndmi_mean": 0.043, "ndwi_slope": -0.0155, "ndwi_mean": -0.505, "place": "Kern", "region": "Tulare Lake Basin" }, "geometry": { "type": "Polygon", "coordinates": [ [ [ -119.20523, 35.53025 ], [ -119.20412, 35.63828 ], [ -119.33676, 35.63911 ], [ -119.33769, 35.53108 ], [ -119.20523, 35.53025 ] ] ] } },
{ "type": "Feature", "properties": { "cell_id": 1303, "n_fields": 25, "ndvi_slope": 0.0125, "ndvi_mean": 0.652, "ndmi_slope": 0.0038, "ndmi_mean": 0.093, "ndwi_slope": -0.0095, "ndwi_mean": -0.533, "place": "Kern", "region": "Tulare Lake Basin" }, "geometry": { "type": "Polygon", "coordinates": [ [ [ -119.20412, 35.63828 ], [ -119.203, 35.7463 ], [ -119.33583, 35.74713 ], [ -119.33676, 35.63911 ], [ -119.20412, 35.63828 ] ] ] } },
{ "type": "Feature", "properties": { "cell_id": 1304, "n_fields": 33, "ndvi_slope": 0.0082, "ndvi_mean": 0.669, "ndmi_slope": 0.0073, "ndmi_mean": 0.106, "ndwi_slope": -0.0054, "ndwi_mean": -0.563, "place": "Tulare", "region": "Tulare Lake Basin" }, "geometry": { "type": "Polygon", "coordinates": [ [ [ -119.203, 35.7463 ], [ -119.20188, 35.85431 ], [ -119.3349, 35.85514 ], [ -119.33583, 35.74713 ], [ -119.203, 35.7463 ] ] ] } },
{ "type": "Feature", "properties": { "cell_id": 1305, "n_fields": 43, "ndvi_slope": 0.0067, "ndvi_mean": 0.652, "ndmi_slope": -0.0025, "ndmi_mean": 0.063, "ndwi_slope": -0.0014, "ndwi_mean": -0.534, "place": "Tulare", "region": "Tulare Lake Basin" }, "geometry": { "type": "Polygon", "coordinates": [ [ [ -119.20188, 35.85431 ], [ -119.20076, 35.96231 ], [ -119.33396, 35.96315 ], [ -119.3349, 35.85514 ], [ -119.20188, 35.85431 ] ] ] } },
{ "type": "Feature", "properties": { "cell_id": 1306, "n_fields": 17, "ndvi_slope": -0.005, "ndvi_mean": 0.722, "ndmi_slope": -0.0131, "ndmi_mean": 0.144, "ndwi_slope": 0.0059, "ndwi_mean": -0.595, "place": "Tulare", "region": "Tulare Lake Basin" }, "geometry": { "type": "Polygon", "coordinates": [ [ [ -119.20076, 35.96231 ], [ -119.19964, 36.07031 ], [ -119.33303, 36.07115 ], [ -119.33396, 35.96315 ], [ -119.20076, 35.96231 ] ] ] } },
{ "type": "Feature", "properties": { "cell_id": 1307, "n_fields": 4, "ndvi_slope": 0.0069, "ndvi_mean": 0.822, "ndmi_slope": -0.0004, "ndmi_mean": 0.179, "ndwi_slope": -0.0039, "ndwi_mean": -0.624, "place": "Tulare", "region": "Tulare Lake Basin" }, "geometry": { "type": "Polygon", "coordinates": [ [ [ -119.19964, 36.07031 ], [ -119.19851, 36.1783 ], [ -119.33209, 36.17914 ], [ -119.33303, 36.07115 ], [ -119.19964, 36.07031 ] ] ] } },
{ "type": "Feature", "properties": { "cell_id": 1309, "n_fields": 2, "ndvi_slope": -0.0058, "ndvi_mean": 0.773, "ndmi_slope": -0.0141, "ndmi_mean": 0.127, "ndwi_slope": 0.0056, "ndwi_mean": -0.6, "place": "Tulare", "region": "Tulare Lake Basin" }, "geometry": { "type": "Polygon", "coordinates": [ [ [ -119.19738, 36.28629 ], [ -119.19624, 36.39427 ], [ -119.3302, 36.39511 ], [ -119.33114, 36.28713 ], [ -119.19738, 36.28629 ] ] ] } },
{ "type": "Feature", "properties": { "cell_id": 1347, "n_fields": 2, "ndvi_slope": 0.0488, "ndvi_mean": 0.72, "ndmi_slope": 0.0409, "ndmi_mean": 0.16, "ndwi_slope": -0.0328, "ndwi_mean": -0.604, "place": "Kern", "region": "Tulare Lake Basin" }, "geometry": { "type": "Polygon", "coordinates": [ [ [ -119.07664, 35.20514 ], [ -119.07536, 35.31319 ], [ -119.20744, 35.31417 ], [ -119.20855, 35.20612 ], [ -119.07664, 35.20514 ] ] ] } },
{ "type": "Feature", "properties": { "cell_id": 1349, "n_fields": 15, "ndvi_slope": -0.0128, "ndvi_mean": 0.484, "ndmi_slope": 0.0012, "ndmi_mean": -0.005, "ndwi_slope": -0.0025, "ndwi_mean": -0.446, "place": "Kern", "region": "Tulare Lake Basin" }, "geometry": { "type": "Polygon", "coordinates": [ [ [ -119.07407, 35.42124 ], [ -119.07277, 35.52927 ], [ -119.20523, 35.53025 ], [ -119.20634, 35.42222 ], [ -119.07407, 35.42124 ] ] ] } },
{ "type": "Feature", "properties": { "cell_id": 1350, "n_fields": 12, "ndvi_slope": -0.0023, "ndvi_mean": 0.665, "ndmi_slope": -0.0024, "ndmi_mean": 0.116, "ndwi_slope": -0.0028, "ndwi_mean": -0.561, "place": "Kern", "region": "Tulare Lake Basin" }, "geometry": { "type": "Polygon", "coordinates": [ [ [ -119.07277, 35.52927 ], [ -119.07148, 35.63729 ], [ -119.20412, 35.63828 ], [ -119.20523, 35.53025 ], [ -119.07277, 35.52927 ] ] ] } },
{ "type": "Feature", "properties": { "cell_id": 1351, "n_fields": 14, "ndvi_slope": 0.0002, "ndvi_mean": 0.673, "ndmi_slope": -0.0046, "ndmi_mean": 0.088, "ndwi_slope": -0.0033, "ndwi_mean": -0.532, "place": "Kern", "region": "Tulare Lake Basin" }, "geometry": { "type": "Polygon", "coordinates": [ [ [ -119.07148, 35.63729 ], [ -119.07018, 35.74531 ], [ -119.203, 35.7463 ], [ -119.20412, 35.63828 ], [ -119.07148, 35.63729 ] ] ] } },
{ "type": "Feature", "properties": { "cell_id": 1352, "n_fields": 31, "ndvi_slope": -0.016, "ndvi_mean": 0.562, "ndmi_slope": -0.0071, "ndmi_mean": 0.055, "ndwi_slope": 0.0077, "ndwi_mean": -0.511, "place": "Tulare", "region": "Tulare Lake Basin" }, "geometry": { "type": "Polygon", "coordinates": [ [ [ -119.07018, 35.74531 ], [ -119.06887, 35.85332 ], [ -119.20188, 35.85431 ], [ -119.203, 35.7463 ], [ -119.07018, 35.74531 ] ] ] } },
{ "type": "Feature", "properties": { "cell_id": 1353, "n_fields": 27, "ndvi_slope": 0.0, "ndvi_mean": 0.658, "ndmi_slope": -0.0, "ndmi_mean": 0.086, "ndwi_slope": -0.0032, "ndwi_mean": -0.557, "place": "Tulare", "region": "Tulare Lake Basin" }, "geometry": { "type": "Polygon", "coordinates": [ [ [ -119.06887, 35.85332 ], [ -119.06756, 35.96133 ], [ -119.20076, 35.96231 ], [ -119.20188, 35.85431 ], [ -119.06887, 35.85332 ] ] ] } },
{ "type": "Feature", "properties": { "cell_id": 1354, "n_fields": 10, "ndvi_slope": 0.0073, "ndvi_mean": 0.599, "ndmi_slope": -0.0098, "ndmi_mean": -0.007, "ndwi_slope": 0.0029, "ndwi_mean": -0.509, "place": "Tulare", "region": "Tulare Lake Basin" }, "geometry": { "type": "Polygon", "coordinates": [ [ [ -119.06756, 35.96133 ], [ -119.06625, 36.06932 ], [ -119.19964, 36.07031 ], [ -119.20076, 35.96231 ], [ -119.06756, 35.96133 ] ] ] } },
{ "type": "Feature", "properties": { "cell_id": 1355, "n_fields": 9, "ndvi_slope": 0.0078, "ndvi_mean": 0.735, "ndmi_slope": 0.001, "ndmi_mean": 0.122, "ndwi_slope": -0.0031, "ndwi_mean": -0.629, "place": "Tulare", "region": "Tulare Lake Basin" }, "geometry": { "type": "Polygon", "coordinates": [ [ [ -119.06625, 36.06932 ], [ -119.06494, 36.17731 ], [ -119.19851, 36.1783 ], [ -119.19964, 36.07031 ], [ -119.06625, 36.06932 ] ] ] } },
{ "type": "Feature", "properties": { "cell_id": 1400, "n_fields": 2, "ndvi_slope": -0.0149, "ndvi_mean": 0.598, "ndmi_slope": -0.0173, "ndmi_mean": -0.04, "ndwi_slope": 0.02, "ndwi_mean": -0.471, "place": "Tulare", "region": "Tulare Lake Basin" }, "geometry": { "type": "Polygon", "coordinates": [ [ [ -118.93735, 35.74418 ], [ -118.93586, 35.85219 ], [ -119.06887, 35.85332 ], [ -119.07018, 35.74531 ], [ -118.93735, 35.74418 ] ] ] } },
{ "type": "Feature", "properties": { "cell_id": 1402, "n_fields": 2, "ndvi_slope": 0.0101, "ndvi_mean": 0.716, "ndmi_slope": 0.01, "ndmi_mean": 0.076, "ndwi_slope": -0.0061, "ndwi_mean": -0.565, "place": "Tulare", "region": "Tulare Lake Basin" }, "geometry": { "type": "Polygon", "coordinates": [ [ [ -118.93437, 35.96019 ], [ -118.93287, 36.06818 ], [ -119.06625, 36.06932 ], [ -119.06756, 35.96133 ], [ -118.93437, 35.96019 ] ] ] } },
{ "type": "Feature", "properties": { "cell_id": 1440, "n_fields": 2, "ndvi_slope": 0.0091, "ndvi_mean": 0.56, "ndmi_slope": -0.0016, "ndmi_mean": 0.031, "ndwi_slope": -0.0055, "ndwi_mean": -0.5, "place": "Kern", "region": "Tulare Lake Basin" }, "geometry": { "type": "Polygon", "coordinates": [ [ [ -118.81779, 34.87854 ], [ -118.81615, 34.98661 ], [ -118.94767, 34.98789 ], [ -118.94913, 34.87981 ], [ -118.81779, 34.87854 ] ] ] } },
{ "type": "Feature", "properties": { "cell_id": 1441, "n_fields": 8, "ndvi_slope": 0.0092, "ndvi_mean": 0.512, "ndmi_slope": 0.0097, "ndmi_mean": -0.013, "ndwi_slope": -0.007, "ndwi_mean": -0.465, "place": "Kern", "region": "Tulare Lake Basin" }, "geometry": { "type": "Polygon", "coordinates": [ [ [ -118.81615, 34.98661 ], [ -118.8145, 35.09468 ], [ -118.94621, 35.09596 ], [ -118.94767, 34.98789 ], [ -118.81615, 34.98661 ] ] ] } },
{ "type": "Feature", "properties": { "cell_id": 1442, "n_fields": 2, "ndvi_slope": 0.0426, "ndvi_mean": 0.651, "ndmi_slope": 0.0447, "ndmi_mean": 0.103, "ndwi_slope": -0.0514, "ndwi_mean": -0.525, "place": "Kern", "region": "Tulare Lake Basin" }, "geometry": { "type": "Polygon", "coordinates": [ [ [ -118.8145, 35.09468 ], [ -118.81285, 35.20274 ], [ -118.94475, 35.20401 ], [ -118.94621, 35.09596 ], [ -118.8145, 35.09468 ] ] ] } },
{ "type": "Feature", "properties": { "cell_id": 1443, "n_fields": 3, "ndvi_slope": 0.0171, "ndvi_mean": 0.612, "ndmi_slope": 0.031, "ndmi_mean": 0.019, "ndwi_slope": -0.0268, "ndwi_mean": -0.51, "place": "Kern", "region": "Tulare Lake Basin" }, "geometry": { "type": "Polygon", "coordinates": [ [ [ -118.81285, 35.20274 ], [ -118.8112, 35.31078 ], [ -118.94328, 35.31206 ], [ -118.94475, 35.20401 ], [ -118.81285, 35.20274 ] ] ] } },
{ "type": "Feature", "properties": { "cell_id": 1489, "n_fields": 2, "ndvi_slope": 0.0077, "ndvi_mean": 0.774, "ndmi_slope": -0.0006, "ndmi_mean": 0.218, "ndwi_slope": -0.008, "ndwi_mean": -0.658, "place": "Kern", "region": "Tulare Lake Basin" }, "geometry": { "type": "Polygon", "coordinates": [ [ [ -118.68462, 34.98519 ], [ -118.6828, 35.09325 ], [ -118.8145, 35.09468 ], [ -118.81615, 34.98661 ], [ -118.68462, 34.98519 ] ] ] } },
{ "type": "Feature", "properties": { "cell_id": 1491, "n_fields": 4, "ndvi_slope": 0.0413, "ndvi_mean": 0.538, "ndmi_slope": 0.0272, "ndmi_mean": -0.038, "ndwi_slope": -0.0237, "ndwi_mean": -0.495, "place": "Kern", "region": "Tulare Lake Basin" }, "geometry": { "type": "Polygon", "coordinates": [ [ [ -118.68096, 35.20131 ], [ -118.67913, 35.30935 ], [ -118.8112, 35.31078 ], [ -118.81285, 35.20274 ], [ -118.68096, 35.20131 ] ] ] } }
]
}
